id,edad,antiguedad,ingresos,gastos_fijos,deudas,ciudad,sector,nivel_estudios,ruido_1,ruido_2,target
313,35,15,6551,4295,17367,Madrid,Tech,Bachelor,0.7047048039501754,0.6033024865413442,0
747,30,0,4626,958,1041,Malaga,Finance,HighSchool,0.6497398260368422,0.435788473800493,0
796,47,7,3788,3469,36469,Valencia,Education,Bachelor,0.6104453094662744,0.9574171736989658,0
186,37,13,11057,6281,3188,Madrid,Health,PhD,0.5975187710101862,0.8428496469129624,0
509,56,28,7272,3081,36050,Valencia,Health,PhD,0.7258676836151697,0.608413370257039,0
500,55,9,8862,2922,17258,Bilbao,Health,PhD,0.0007198287242494716,0.6380260624435374,0
172,40,20,4779,1002,8895,Madrid,Education,Bachelor,0.8986790307862303,0.44511119274245503,0
712,50,24,1628,902,16746,Valencia,Tech,Bachelor,0.29742290236343805,0.8594167373347783,0
205,40,2,1651,805,37221,Bilbao,Tech,Master,0.5433004835569749,0.49391242034181915,0
187,65,30,6181,4896,535,Madrid,Education,Bachelor,0.7638567641619896,0.365937352517563,1
551,58,19,6924,1218,3213,Madrid,Education,Bachelor,0.6609246111773969,0.6998468160254432,1
545,29,9,11888,6446,5590,Bilbao,Manufacturing,PhD,0.6120725344848177,0.15989966972677871,0
188,47,3,10843,9704,12756,Valencia,Retail,Master,0.07353174974284182,0.5042555291232047,0
606,64,20,5716,1826,4849,Valencia,Tech,PhD,0.3885904277313853,0.9959585671131211,0
335,24,4,1828,1152,17113,Madrid,Tech,Master,0.7319850852713169,0.5470462586122314,0
709,38,3,9534,9240,24556,Malaga,Tech,Master,0.24634668948736294,0.27773376464421695,0
510,58,34,5004,3572,36060,Malaga,Health,Master,0.9616517756313344,0.4474997889982494,0
379,64,5,3309,2851,43845,Sevilla,Finance,HighSchool,0.7235762484467809,0.9047793839565821,0
73,40,20,9343,7716,22328,Barcelona,Tech,Master,0.8221156452994304,0.40070744225193977,0
425,42,22,8883,3189,40392,Malaga,Health,Bachelor,0.3163331594963291,0.4283073929595911,0
420,62,9,6383,6048,47797,Malaga,Health,HighSchool,0.5535241877642789,0.5550697456402619,0
318,51,3,4252,2850,28387,Malaga,Education,PhD,0.029482293000291482,0.6832129167516828,0
613,46,12,6396,3695,6997,Malaga,Manufacturing,Master,0.4379837493250085,0.1894644956286471,0
763,49,26,8206,7856,30064,Bilbao,Manufacturing,Master,0.7701518610861056,0.7176257357466732,0
556,53,31,4447,4119,39938,Barcelona,Manufacturing,Master,0.9792576595660704,0.001580917225831202,0
754,40,20,8329,7324,44112,Malaga,Manufacturing,Master,0.7959726637030008,0.7997550589661422,0
445,24,4,8528,2379,31596,Sevilla,Health,HighSchool,0.7658588903584546,0.9100853566754851,0
124,49,3,6212,5418,20476,Valencia,Tech,Bachelor,0.15473017585826143,0.4821893962043886,0
702,65,19,8633,3860,20883,Madrid,Manufacturing,Bachelor,0.8459669829341648,0.26693475860141735,1
395,43,6,8290,880,41500,Malaga,Retail,HighSchool,0.6584566950002027,0.956190321625751,0
398,48,15,5982,3759,22469,Valencia,Education,Bachelor,0.1381800056453456,0.6025244496763816,0
90,54,17,1542,789,47582,Valencia,Retail,PhD,0.8652605947002426,0.44654739304319446,0
363,65,34,11958,8294,44031,Valencia,Retail,Master,0.8764947843421105,0.18113585780400077,1
553,45,24,2608,2053,28005,Bilbao,Tech,Master,0.8594079410613964,0.3292085269618983,0
767,35,15,11729,10628,42731,Sevilla,Manufacturing,Master,0.4045057056501532,0.19729575426112622,0
139,41,17,11189,1420,23064,Bilbao,Tech,Master,0.3687375994898128,0.2870770326013192,1
643,65,27,6040,946,4152,Valencia,Health,PhD,0.12270943425717828,0.709825288742069,0
783,24,4,6044,5791,5801,Barcelona,Manufacturing,HighSchool,0.7073988490465885,0.5610443550732708,0
594,53,5,3577,2570,5037,Valencia,Health,Bachelor,0.615797760195821,0.2752171148200212,0
455,47,22,7974,3821,38409,Barcelona,Retail,HighSchool,0.0901658575951505,0.2844937870363794,0
644,65,34,6288,4202,40694,Valencia,Manufacturing,HighSchool,0.1883535824112833,0.8839789812108436,0
426,22,2,5533,2314,46674,Malaga,Manufacturing,PhD,0.27667983502231575,0.3594859997503893,0
403,31,3,6335,2171,49387,Bilbao,Tech,Master,0.8680353736544103,0.73949248017285,0
671,52,22,6604,6161,23761,Barcelona,Education,Master,0.7444602162731745,0.1185968907353121,0
110,24,4,9571,2402,6369,Barcelona,Retail,Bachelor,0.3886458311501425,0.3710115154868827,0
55,60,14,9499,4095,17887,Sevilla,Education,HighSchool,0.7981423244201888,0.7241813776272887,0
773,37,6,6871,4730,38166,Barcelona,Health,PhD,0.8284376294318806,0.08194716343468877,0
390,63,1,3181,2152,27023,Madrid,Retail,HighSchool,0.8259087584234441,0.791783285172308,0
416,33,13,10643,1654,37680,Barcelona,Health,PhD,0.38803260364477077,0.6302172646257879,0
396,30,10,1571,1043,48248,Madrid,Retail,PhD,0.8388161106789165,0.48293196353592627,0
308,62,0,6988,511,49737,Malaga,Education,Master,0.10394901935155965,0.5298144890600125,0
413,45,25,9835,7800,31903,Madrid,Health,Bachelor,0.09595643108632268,0.9716287699064329,0
661,46,5,1608,919,41864,Valencia,Education,Bachelor,0.7552437477921852,0.13692703991575206,0
289,61,10,8710,3376,47345,Barcelona,Manufacturing,Bachelor,0.44238386943908425,0.21724467789149304,0
515,58,24,2785,729,21914,Valencia,Education,PhD,0.7703900577628439,0.7476786572693227,0
634,37,15,6862,4057,37975,Barcelona,Retail,Bachelor,0.9137547207899449,0.8982517943164525,0
94,51,0,3861,2179,42911,Barcelona,Tech,PhD,0.7815252912730248,0.2650227795434089,0
147,35,15,9467,3645,14846,Barcelona,Finance,HighSchool,0.5076897127246462,0.5397707584136711,0
272,63,31,8203,6109,32225,Sevilla,Manufacturing,PhD,0.48869951193968564,0.08267062578646689,0
581,50,30,6275,3694,40342,Bilbao,Education,Bachelor,0.2997353342941135,0.7943466597289164,0
305,45,7,9725,1362,11753,Barcelona,Retail,HighSchool,0.4650941779168861,0.28230687062090243,0
162,33,8,2533,1966,29994,Madrid,Health,Bachelor,0.043806275659123095,0.19946983371518834,0
541,24,4,7847,4728,41330,Madrid,Finance,Master,0.7736770125301257,0.2859145884316203,0
554,48,28,4938,2212,40111,Madrid,Tech,HighSchool,0.483662983209447,0.6886542782543451,1
332,42,10,11923,1953,46462,Malaga,Manufacturing,Master,0.44662993409779383,0.2652124405628762,0
612,56,21,2818,2382,49837,Valencia,Manufacturing,Bachelor,0.1766183045094868,0.039331182595438885,0
143,45,23,6134,3673,26789,Valencia,Manufacturing,HighSchool,0.06591185427971746,0.09450594751509434,0
440,58,1,6144,1202,14194,Sevilla,Retail,PhD,0.8673023989920944,0.17056678398969627,0
529,23,3,7265,3411,40975,Valencia,Finance,Master,0.8786772741911604,0.8904020860787615,0
267,45,20,4728,2374,7468,Valencia,Manufacturing,PhD,0.5969708292829935,0.6113084211390019,0
399,54,19,10475,5643,46653,Malaga,Retail,Bachelor,0.29057949547925066,0.3452935808985811,0
696,54,21,4230,3018,19629,Valencia,Education,Bachelor,0.49695171144190575,0.8473340941526536,0
708,46,15,8428,2285,9455,Madrid,Finance,Bachelor,0.9699234759401331,0.4394754127292003,0
539,49,25,2185,1745,48190,Sevilla,Manufacturing,Master,0.5719344511166646,0.536159385183681,0
1,62,7,1909,1063,16049,Barcelona,Finance,HighSchool,0.08693883262941615,0.4219218196852704,0
83,27,7,7200,3845,21843,Valencia,Manufacturing,HighSchool,0.6936736739834325,0.28821779536145575,0
658,45,24,7608,599,18654,Valencia,Health,Master,0.9775236282168033,0.874301735766478,0
40,38,2,3276,2943,28479,Valencia,Manufacturing,Master,0.43639388387060796,0.9842358493165899,0
668,41,17,7439,1285,35023,Bilbao,Health,Bachelor,0.012897663838784656,0.518170746277405,0
605,46,11,3316,1254,16602,Valencia,Education,HighSchool,0.2763835621577436,0.426983398886185,0
495,29,9,5482,573,2752,Bilbao,Manufacturing,PhD,0.7707970000019662,0.24872225640489498,0
82,33,13,10002,7745,18229,Barcelona,Retail,PhD,0.6347847194540869,0.49172580219101336,0
441,48,9,11046,3479,40842,Malaga,Retail,Master,0.9223519448449473,0.5965333624973594,0
264,37,17,4358,2760,10494,Valencia,Retail,PhD,0.9584626217339497,0.23185554741141035,0
137,34,11,11369,3004,49821,Malaga,Tech,Bachelor,0.46395306851301954,0.5637354832878496,0
459,51,29,11114,948,31586,Madrid,Health,HighSchool,0.22038232294405224,0.7011761011923114,0
392,57,30,7452,6364,29657,Madrid,Tech,Bachelor,0.002196947793343007,0.35513897858473564,1
457,38,11,8170,4647,6977,Bilbao,Tech,Master,0.5132866871111791,0.2576933866449672,0
588,60,0,10968,8661,47901,Barcelona,Manufacturing,Master,0.41083781366470784,0.5461662603642966,0
177,44,8,10532,10130,11925,Barcelona,Education,HighSchool,0.3041245428074678,0.16196695955589968,0
193,43,7,8324,5281,20163,Malaga,Manufacturing,HighSchool,0.6555909721769689,0.9720568640244157,0
153,49,5,5137,4195,22910,Madrid,Education,HighSchool,0.386166118044595,0.08160543721104163,0
212,52,32,5078,2527,44586,Bilbao,Tech,PhD,0.5281731240731934,0.36178486852424374,1
87,37,10,6591,5012,896,Bilbao,Education,HighSchool,0.11346111790424496,0.9470607423593561,0
499,58,11,10406,6196,21212,Malaga,Education,Master,0.8605608608910464,0.16034340909776523,0
158,22,2,5441,5174,27300,Barcelona,Manufacturing,HighSchool,0.5234845576782113,0.36060375770687547,0
246,59,24,2904,1709,16151,Malaga,Tech,HighSchool,0.2679720308946144,0.3799999930834558,1
109,57,20,11495,4126,42444,Madrid,Manufacturing,PhD,0.4082958557954127,0.13977701250722108,1
716,62,19,6640,5217,5389,Madrid,Finance,Bachelor,0.5163658910510237,0.9696645868391346,0
287,50,0,1632,1212,22516,Madrid,Education,Bachelor,0.0893310809937371,0.805956833827698,0
393,62,18,10473,9052,24503,Malaga,Tech,HighSchool,0.8218386599187263,0.742510890376263,0
638,51,29,3771,3380,26565,Barcelona,Health,PhD,0.7039020630225711,0.0013636489241022343,0
774,25,5,3630,2450,14076,Sevilla,Tech,Master,0.6768224427570074,0.40275370767890994,0
517,42,22,5117,1754,3310,Malaga,Manufacturing,PhD,0.5752548538500767,0.09008295254473109,1
582,65,19,8622,6380,22561,Madrid,Retail,HighSchool,0.611490756172103,0.510423879356663,1
78,62,12,8465,1440,35688,Barcelona,Manufacturing,Bachelor,0.9084114452126061,0.8266311596500596,0
746,64,31,6461,5566,40418,Valencia,Manufacturing,PhD,0.8046407349605609,0.08763513062215955,0
312,59,6,4046,932,10772,Sevilla,Education,Master,0.40651255190921376,0.5359245490900236,0
384,52,28,4469,3003,24887,Valencia,Retail,HighSchool,0.8625757745240936,0.8799502465019857,0
790,29,3,4818,2462,49291,Bilbao,Retail,Bachelor,0.4929794409023319,0.7523899786503706,0
502,53,33,4025,3011,18555,Valencia,Education,Master,0.11046413403940414,0.5232005391932355,0
258,48,28,2102,1236,45982,Bilbao,Retail,HighSchool,0.10936942524428694,0.2482309688449028,0
765,64,9,10913,1447,41393,Malaga,Manufacturing,Master,0.7007903944969953,0.8735463641906009,0
351,63,5,4579,2309,13853,Sevilla,Manufacturing,PhD,0.8210173923984603,0.5152697026095568,0
160,44,4,7149,2475,48034,Malaga,Manufacturing,HighSchool,0.7715013741098591,0.7351869848123113,0
507,46,12,4664,2655,43049,Barcelona,Retail,Bachelor,0.7461083762758536,0.7662834200160525,0
368,62,11,6634,5697,3801,Madrid,Education,Master,0.20938236833507773,0.7735422713205646,1
277,49,10,11595,2781,13541,Barcelona,Tech,Master,0.1683773646030844,0.9790001564029884,0
359,55,25,11076,2176,481,Bilbao,Manufacturing,Master,0.282676877815097,0.6844131358571688,0
164,25,5,5976,1519,24118,Sevilla,Education,PhD,0.8946374949550533,0.38664476826069216,0
467,65,13,7716,5259,6602,Valencia,Health,Master,0.2694082295249801,0.9585268170616331,0
791,46,7,5912,996,20862,Sevilla,Retail,PhD,0.6335412951837514,0.9137350982886246,0
717,63,8,11232,7222,20932,Sevilla,Education,Bachelor,0.8267686093418332,0.7995286679401794,0
656,55,14,6053,2103,1477,Madrid,Retail,PhD,0.6770633881655169,0.9576236984683344,1
419,46,25,2004,1470,10244,Bilbao,Finance,Bachelor,0.8494674380550121,0.29497846931319127,0
260,28,8,5137,4683,48945,Bilbao,Retail,Bachelor,0.44577855150490675,0.39113416867750284,0
464,52,23,11669,5667,32266,Bilbao,Health,PhD,0.18287186312969528,0.7642623254359276,0
590,55,17,9117,1781,34298,Bilbao,Tech,Bachelor,0.47245157234864565,0.7416861106733749,0
655,57,7,6547,703,26321,Bilbao,Finance,PhD,0.6081512096622038,0.19514974641376315,0
30,56,19,11521,11214,34664,Madrid,Manufacturing,Master,0.9317560394360774,0.1035865019182115,0
718,34,5,8291,3511,11920,Sevilla,Education,Bachelor,0.020734637589076232,0.02297009470397493,0
549,52,29,8219,4119,5203,Bilbao,Retail,HighSchool,0.6197660388695853,0.5575486482688887,0
793,27,7,4833,1666,24464,Bilbao,Finance,Bachelor,0.9114927318331021,0.45174200118923247,0
731,31,7,7227,1266,13351,Valencia,Finance,Bachelor,0.56324738927852,0.6631376786953017,0
50,50,30,8491,7304,35905,Sevilla,Finance,PhD,0.4500697572469081,0.7517767865005115,0
691,53,24,11607,6279,18640,Valencia,Tech,HighSchool,0.3664100941186903,0.8095534275625432,0
388,32,4,9555,5753,15787,Valencia,Health,HighSchool,0.5069293321870753,0.550495569730679,0
497,56,6,3561,2498,15248,Valencia,Retail,Master,0.19296529905015847,0.6892499802840422,0
268,59,7,7200,3383,30006,Bilbao,Finance,Master,0.9186825798040964,0.5901683649774787,0
548,38,0,9014,8653,32679,Bilbao,Tech,PhD,0.23787835401947677,0.5888623271843092,0
414,56,34,1620,1141,4290,Barcelona,Manufacturing,Bachelor,0.8649508557126312,0.42420945194114057,1
400,65,8,4413,2563,35552,Malaga,Manufacturing,Master,0.7103527271405253,0.7607750248330667,0
303,24,0,5506,876,30917,Valencia,Education,Bachelor,0.03536357397485357,0.8031154864575539,0
473,38,18,1824,1343,7945,Valencia,Manufacturing,Bachelor,0.5384382544051023,0.979373133035817,0
631,34,14,5918,2156,22012,Barcelona,Tech,HighSchool,0.46553429557814385,0.4182238293528654,0
484,52,32,1636,1204,32239,Sevilla,Health,HighSchool,0.7658692034366377,0.7979647762546137,0
361,63,19,4586,1114,33901,Barcelona,Tech,PhD,0.7212831975926106,0.6554005704624416,1
292,41,13,9982,8848,12363,Malaga,Education,Master,0.6461697746408666,0.7838015995764177,0
278,40,18,10883,4880,33712,Malaga,Tech,Bachelor,0.962771994993792,0.7856910482912973,0
381,40,20,6623,3989,48400,Madrid,Tech,HighSchool,0.6471986261793395,0.3286608260685756,0
609,50,1,9654,2938,42786,Malaga,Tech,HighSchool,0.7000551993387256,0.9046175434539494,0
623,52,8,4877,1672,41931,Valencia,Retail,PhD,0.6105379886304853,0.037621211977839186,0
521,58,5,3343,2194,27757,Valencia,Health,Bachelor,0.024206830335269047,0.3048188475463931,0
247,62,9,7883,3094,23638,Madrid,Tech,HighSchool,0.7613464912009719,0.10223141411324588,1
32,38,18,9504,4614,3329,Madrid,Manufacturing,PhD,0.8293480893722193,0.04408676179905002,0
354,29,1,5463,3551,32033,Bilbao,Education,Bachelor,0.9605203782802877,0.4745822890615481,0
314,35,15,3930,873,46606,Barcelona,Health,PhD,0.5134596753787295,0.6771833769890718,0
660,30,5,3853,1351,19872,Sevilla,Retail,Master,0.06611578116679928,0.960095298220805,0
271,30,10,6654,4194,40593,Madrid,Health,HighSchool,0.38394417586795304,0.5615820773351045,0
304,63,26,5178,3136,16270,Sevilla,Manufacturing,Master,0.27125795800981667,0.07788706996691197,1
253,43,23,6984,4027,42666,Bilbao,Finance,Master,0.2008514887020717,0.31418328119544137,0
235,64,3,1604,922,9010,Malaga,Finance,HighSchool,0.5057329196930651,0.3732006926868119,0
753,34,14,7133,4089,15211,Bilbao,Finance,Master,0.715199162490354,0.46846728124587655,0
329,32,12,11973,8482,42544,Valencia,Finance,Master,0.1753516299902208,0.306823229297958,0
290,28,8,3517,2914,47841,Sevilla,Health,PhD,0.31450366818216935,0.1398301888092337,0
598,25,5,3400,715,10983,Sevilla,Education,PhD,0.3013671299536991,0.746150545390336,0
707,54,7,10051,9105,16502,Sevilla,Tech,Bachelor,0.3134103292918645,0.832334165158318,0
471,62,33,10248,5672,31891,Valencia,Health,HighSchool,0.0600363777240166,0.8138180692068463,0
680,27,7,9588,2395,25217,Valencia,Education,Master,0.6870465574873912,0.8410901758369496,0
738,65,8,7382,5951,6298,Valencia,Retail,Bachelor,0.4896230358290852,0.8854130386418814,0
47,23,2,5511,4392,40060,Madrid,Education,PhD,0.7183459154989886,0.3839784673927513,0
578,43,23,5369,1917,43424,Malaga,Tech,PhD,0.11432286048057028,0.5960754935660096,0
757,32,11,9748,1023,4172,Valencia,Education,HighSchool,0.2240956387398041,0.25782214100407674,0
511,47,0,2067,1082,39043,Madrid,Retail,Bachelor,0.3003339617281736,0.2218867034824401,0
226,30,10,5478,2588,13325,Valencia,Manufacturing,HighSchool,0.9222261045112223,0.8471333859196118,0
159,55,34,9812,8816,36316,Madrid,Education,PhD,0.3733023871008325,0.7473165915626453,1
599,56,14,7722,6099,46242,Sevilla,Education,Master,0.011863040095509647,0.9272225260534066,0
532,30,10,4814,1631,20250,Malaga,Manufacturing,Bachelor,0.43006429818038483,0.9090020952804155,0
409,62,19,9537,6366,4776,Malaga,Health,Bachelor,0.7862582393373575,0.15937049251743585,0
769,35,5,9883,9540,20463,Bilbao,Health,Bachelor,0.5399326428212493,0.25869018019243906,0
328,55,23,2688,1265,46172,Malaga,Education,HighSchool,0.33656107114080447,0.3226032043729101,0
383,46,26,8409,5815,10930,Madrid,Finance,HighSchool,0.10371310573836945,0.9112267612721793,1
703,40,10,5701,5425,15475,Sevilla,Finance,HighSchool,0.7970447601916553,0.31054056781649364,0
519,47,16,2893,2132,32887,Sevilla,Manufacturing,Bachelor,0.1981085277189396,0.3953188035804661,0
749,31,11,9447,8224,1286,Sevilla,Retail,Bachelor,0.8338385328034564,0.05092218021936756,0
89,37,17,10531,2869,25138,Barcelona,Retail,Bachelor,0.7900061820031135,0.41494242355134514,0
601,63,17,6988,2714,17503,Madrid,Health,PhD,0.24179696838791254,0.6718898533934674,0
166,42,6,2811,1843,43314,Valencia,Health,PhD,0.6026216277305998,0.4261160728830454,0
673,29,4,1808,1491,49632,Sevilla,Tech,Bachelor,0.5134791925041092,0.059265237071233545,0
469,50,11,10861,2648,37741,Malaga,Finance,HighSchool,0.555340047420701,0.8563087387448801,0
374,24,4,11991,4690,35044,Bilbao,Tech,HighSchool,0.6619699158378947,0.6535676184007526,0
540,63,2,10030,2291,29596,Sevilla,Tech,Bachelor,0.5187026525875117,0.3956111966358917,1
216,44,4,10366,1487,4523,Sevilla,Tech,Master,0.40886693581924827,0.7689720625834827,0
119,28,8,8767,1102,5294,Valencia,Retail,Bachelor,0.6330767243010155,0.5483564340483605,0
209,38,18,5358,4159,49398,Valencia,Health,Master,0.26155315081539277,0.3595520905611559,0
470,34,9,3950,2437,638,Barcelona,Education,PhD,0.13447168466122272,0.8932704094751918,0
295,26,1,11123,1606,903,Valencia,Finance,HighSchool,0.39797502388515027,0.28648780009575703,0
85,54,0,10389,8069,27082,Madrid,Finance,Master,0.44204095572226143,0.05161177518634674,0
262,31,11,6610,3310,29840,Barcelona,Retail,PhD,0.34830029663564654,0.09762303112570891,0
650,56,18,4486,1218,46406,Malaga,Manufacturing,Bachelor,0.16125471322167906,0.11691733480357713,1
217,63,26,7635,3633,29395,Sevilla,Education,HighSchool,0.5393002639188602,0.653534098418702,0
346,55,29,1702,1305,45902,Bilbao,Retail,PhD,0.11251884262593381,0.14964231959134144,0
325,44,1,7261,5150,36936,Barcelona,Retail,Bachelor,0.9703877083378041,0.5421246015209933,0
115,36,16,3917,2941,185,Valencia,Finance,Bachelor,0.10992634788943556,0.866447888506801,0
569,42,22,3427,1616,9785,Barcelona,Health,HighSchool,0.514060661959464,0.20657737957335043,1
2,23,3,5082,2405,33118,Bilbao,Tech,Bachelor,0.7160196129224035,0.7013249735902359,0
213,58,7,2511,2197,35890,Bilbao,Finance,Bachelor,0.44184055265963085,0.6802952379390708,0
561,25,5,6404,5128,47511,Malaga,Health,HighSchool,0.7995353334858003,0.8880294695182352,0
386,58,14,7042,4752,34282,Malaga,Manufacturing,HighSchool,0.4328479071089123,0.7266519684238507,0
176,48,26,10919,1708,8213,Valencia,Manufacturing,HighSchool,0.4499744956629961,0.680108990649581,0
362,40,16,8357,3814,25445,Malaga,Tech,Bachelor,0.3431670496355732,0.7133692892071842,0
669,45,25,8250,3287,10684,Madrid,Finance,Bachelor,0.7951067380387837,0.5586552144097414,0
52,56,5,3767,1117,15155,Sevilla,Manufacturing,Bachelor,0.7064191416945522,0.06422885071387807,0
360,52,4,7009,2764,41982,Valencia,Health,Master,0.6561196052364541,0.9521877981154158,0
224,63,24,10092,5722,45633,Sevilla,Education,Bachelor,0.2998884944354011,0.18387897874724934,0
148,55,2,7017,6777,40503,Barcelona,Retail,PhD,0.15425276132112153,0.1808459671686966,0
341,33,13,7749,3526,12227,Sevilla,Tech,Master,0.8370787521344571,0.5642465879145218,0
428,30,10,4718,1578,48073,Malaga,Tech,HighSchool,0.8921051846342555,0.8495872729061418,0
122,42,16,7632,1750,45011,Sevilla,Tech,HighSchool,0.8317718884748545,0.0932301017036774,0
345,65,27,4808,1711,38997,Valencia,Health,HighSchool,0.552054191575399,0.8566241806462468,1
294,30,10,10812,7395,23947,Bilbao,Manufacturing,Bachelor,0.7627259378955857,0.9544529839408864,0
375,23,3,3397,2207,29118,Sevilla,Tech,Master,0.6951920292209091,0.6303113401629369,0
617,63,1,9220,1250,15904,Malaga,Manufacturing,Bachelor,0.9046623506198624,0.8207392230160319,0
80,39,19,10347,8590,28688,Madrid,Retail,HighSchool,0.8894228892924536,0.7345339232856153,0
389,46,25,5350,1145,30087,Sevilla,Retail,PhD,0.3160615274213764,0.9806707389457028,1
490,53,23,9097,1019,21643,Madrid,Finance,HighSchool,0.2665035782430537,0.3924217750980309,1
552,58,35,4406,2365,49108,Bilbao,Health,HighSchool,0.09312628782176957,0.2992944815965134,0
446,27,7,11302,9408,26781,Valencia,Finance,HighSchool,0.7091488372061079,0.7894224823051249,0
376,41,21,3154,2631,17693,Bilbao,Retail,Bachelor,0.41882575177142556,0.8986219250031876,0
684,53,17,11034,10226,17889,Malaga,Education,Master,0.4758262832960263,0.6031654324392886,0
250,37,17,4278,3307,24951,Barcelona,Finance,Master,0.30113126537506874,0.4931239422107847,0
498,44,8,5607,823,31804,Malaga,Education,Master,0.5427340768056942,0.49009199581873286,0
501,46,11,1806,1245,40645,Barcelona,Health,HighSchool,0.38749084018073565,0.5240697688104523,0
306,41,20,2915,2370,522,Valencia,Finance,Master,0.5638067408241869,0.30390930726808296,0
719,57,14,2957,2394,12993,Valencia,Manufacturing,Bachelor,0.6003927309822871,0.14925120092228994,0
646,55,1,6303,3912,44721,Bilbao,Finance,PhD,0.3467002467820791,0.4438600520618948,0
683,59,6,4264,765,23836,Barcelona,Health,Bachelor,0.12276216769866366,0.8381091313414588,0
355,57,22,7140,1839,16951,Malaga,Manufacturing,HighSchool,0.1629074055986205,0.5722580610203007,0
564,41,13,10103,5453,11469,Madrid,Health,HighSchool,0.7777903914607942,0.9133538461670586,0
616,63,33,9009,2940,48565,Bilbao,Finance,HighSchool,0.03687766742303755,0.14159047222804055,1
233,65,21,5716,4502,47419,Malaga,Manufacturing,PhD,0.3521761683319934,0.1399585285806173,0
221,60,3,5509,862,26362,Sevilla,Finance,Bachelor,0.1401355751149046,0.9934834412430483,0
730,49,7,9608,1168,28935,Valencia,Manufacturing,PhD,0.4577597043885927,0.11249088381110384,0
780,53,0,3504,2742,22849,Madrid,Tech,PhD,0.4811764327664605,0.3097018790674505,0
786,59,28,2886,2685,39770,Valencia,Education,HighSchool,0.4914730404464478,0.9338487835471574,0
133,49,1,9032,1775,20516,Bilbao,Education,PhD,0.11517337266379823,0.02085655902474881,0
95,61,25,2815,1845,44194,Bilbao,Education,Master,0.48794748539017896,0.5410160126976601,0
15,45,19,5423,974,15785,Bilbao,Tech,HighSchool,0.9779844936773342,0.5327061695295157,0
653,31,0,10448,8813,21710,Malaga,Manufacturing,Master,0.9440095257324103,0.9806897788797746,0
18,36,14,1617,572,46389,Malaga,Tech,Bachelor,0.0674003281103075,0.031412958053018136,0
135,59,25,10084,1788,25936,Valencia,Manufacturing,Master,0.07637937747302115,0.6332246669681865,1
423,58,3,10492,8057,42249,Bilbao,Tech,Master,0.197417592447916,0.5805956534086942,0
723,37,17,5568,3528,38201,Malaga,Manufacturing,PhD,0.8714434752110092,0.9743991769330468,0
60,51,16,7543,1874,39707,Bilbao,Manufacturing,HighSchool,0.7777918861754326,0.16376581016719916,0
53,48,21,10390,8133,27248,Madrid,Finance,PhD,0.9460620335901005,0.01953195673772712,0
535,30,10,1929,1046,39688,Bilbao,Retail,Bachelor,0.026084492797116443,0.07947543031082505,0
463,61,22,4055,3690,6991,Madrid,Tech,PhD,0.5414739546030245,0.042263126730997747,1
36,32,11,8255,703,11754,Malaga,Health,PhD,0.8022351389371389,0.8640640283752794,0
102,64,25,5997,566,37088,Malaga,Manufacturing,HighSchool,0.9106169537187105,0.7451721541339701,0
96,61,4,5346,2854,14908,Malaga,Tech,PhD,0.9783377282205457,0.7603696929942654,0
14,31,11,4146,2709,34757,Madrid,Retail,Master,0.48860570802894787,0.11186772532089506,0
448,63,16,5781,4891,27758,Bilbao,Health,Master,0.9917986741707153,0.39745414819547453,0
284,32,12,8979,511,28036,Barcelona,Manufacturing,Bachelor,0.8821477640419989,0.30186550437642223,0
91,52,22,6946,5021,49995,Bilbao,Education,PhD,0.9807746313325943,0.23880554416624933,1
639,62,4,7805,6158,21817,Bilbao,Tech,Master,0.9460954935290011,0.542435106450538,0
496,53,5,11635,6044,49778,Malaga,Tech,HighSchool,0.3555176753146566,0.1539184354344616,0
48,47,15,3917,3187,45064,Madrid,Tech,PhD,0.21884113681231943,0.804109856173143,0
156,55,27,3321,1680,15573,Valencia,Tech,HighSchool,0.23843950345982268,0.6389517321728103,1
764,55,4,2889,1885,20631,Sevilla,Finance,PhD,0.061468328485386525,0.7591923850558231,0
677,55,13,4638,1654,11257,Bilbao,Tech,HighSchool,0.8512968101185269,0.47471550380038485,1
576,28,8,10611,1662,19799,Bilbao,Education,PhD,0.59053595672132,0.2385752917891356,0
750,22,2,11828,7574,27242,Sevilla,Manufacturing,Master,0.03701721495014809,0.3996803722240102,0
647,63,1,6276,2048,4125,Madrid,Finance,Master,0.646051226458135,0.3263064137559264,0
751,54,31,5299,997,34623,Madrid,Education,Master,0.6483002857650626,0.8891405945519951,1
274,57,32,3354,2845,7484,Valencia,Retail,Master,0.5420433791176298,0.756786242437441,0
33,43,8,11938,4791,10589,Malaga,Education,PhD,0.9450509390466391,0.6910196237558764,0
347,58,6,3230,2804,6618,Valencia,Retail,Master,0.6547876707135497,0.5720232397985618,0
645,27,5,7900,1964,18898,Madrid,Tech,Bachelor,0.4963287349827443,0.8749931395370971,0
370,34,14,1730,1159,49600,Bilbao,Finance,HighSchool,0.6767481416771101,0.6266869286716226,0
518,49,18,7960,1712,8663,Valencia,Tech,PhD,0.5714405905106293,0.049311098070088044,1
170,45,23,8773,6751,5038,Bilbao,Finance,Master,0.39803404595244996,0.6495607367060315,0
79,26,3,4218,3746,20159,Bilbao,Manufacturing,Master,0.30409119054476674,0.4025085191628056,0
449,35,15,10545,9635,31619,Barcelona,Health,PhD,0.34435630421485364,0.7054946079710852,0
17,34,14,8037,6002,42590,Valencia,Education,PhD,0.33808556214745533,0.5883087184572333,0
12,57,0,3376,2699,49209,Valencia,Manufacturing,Master,0.11155217359587644,0.434765250669105,0
560,52,2,3724,2472,10183,Malaga,Education,Master,0.46247007536879947,0.8141666234579165,0
411,61,33,9280,644,7518,Malaga,Health,PhD,0.9186072991872705,0.24382716386688363,1
276,27,7,3423,1470,13754,Malaga,Retail,Master,0.8610486962702419,0.6102618026194768,0
422,48,28,3833,1159,12058,Barcelona,Retail,Master,0.19432621534632544,0.18135798477365006,1
401,57,30,11048,9849,43722,Malaga,Education,Master,0.012770515104606583,0.10647046584838726,0
768,41,5,2105,1600,21921,Sevilla,Manufacturing,Bachelor,0.5204697027200755,0.5407902247006287,0
116,30,0,7369,6971,15593,Bilbao,Health,HighSchool,0.1742462014061772,0.05239901786117651,0
759,50,29,3317,933,40014,Bilbao,Tech,HighSchool,0.11805935107819343,0.20538622819621688,0
182,25,5,8702,3904,31735,Sevilla,Finance,Master,0.6066602628206363,0.31258249924693304,0
430,31,11,7930,2329,38640,Malaga,Health,Bachelor,0.4647011421704528,0.5104119933437855,0
334,53,24,7254,4973,24598,Madrid,Education,Bachelor,0.16265651174848839,0.07370938956137418,1
444,64,8,11387,9335,78,Malaga,Manufacturing,PhD,0.5220442296615542,0.3703774502487801,0
66,53,20,4479,2497,13901,Valencia,Health,Master,0.279658488037586,0.5961550079374294,0
296,54,26,8439,6249,26363,Madrid,Manufacturing,Bachelor,0.2774677357345601,0.3099068856166419,0
72,24,3,10566,5286,45705,Barcelona,Manufacturing,PhD,0.10258764678776067,0.012265403375507966,0
397,54,11,10979,3345,47873,Barcelona,Tech,PhD,0.321843761981354,0.8813905670096176,1
16,30,8,9287,3205,17370,Bilbao,Retail,PhD,0.9643629060074552,0.9289134930021768,0
286,49,5,3059,504,13986,Sevilla,Tech,Bachelor,0.5936794968410645,0.5194442546366358,0
742,28,8,8461,3883,6192,Sevilla,Manufacturing,Master,0.3554576356326058,0.5855678847563979,0
524,43,13,10314,3971,13356,Bilbao,Retail,Master,0.5488000548111374,0.6230419928574829,0
682,65,6,7994,4088,34253,Malaga,Manufacturing,HighSchool,0.11921784388547807,0.39481146187055316,0
214,59,31,2989,2590,29195,Madrid,Education,Bachelor,0.5132478432016415,0.45679847571187604,1
472,52,6,8870,6599,21932,Valencia,Health,Master,0.5603500348142645,0.9318445757777681,0
622,23,3,2822,526,473,Barcelona,Tech,Master,0.4162222422175371,0.8074118032473379,0
161,43,8,2226,1221,35783,Valencia,Manufacturing,Bachelor,0.9808191857888493,0.478531171617924,0
468,43,23,4513,2542,27783,Barcelona,Education,Master,0.3650779862279153,0.40059259742222375,1
758,43,22,2264,1640,17530,Barcelona,Manufacturing,HighSchool,0.706404917317793,0.9266320984532515,0
237,39,19,6197,640,32913,Malaga,Manufacturing,PhD,0.1070164286944929,0.09631389025140846,0
377,54,7,6131,1433,6964,Sevilla,Finance,Bachelor,0.9731197223191945,0.35792183655080756,0
283,57,8,10775,8451,22527,Malaga,Tech,HighSchool,0.4595817626735669,0.12423717923039845,0
558,22,2,6114,2584,4445,Valencia,Health,Master,0.7670326009849553,0.11383676294860079,0
265,47,11,4553,3123,43077,Sevilla,Education,HighSchool,0.44957501137407985,0.42955284110334346,0
366,59,4,9236,3687,32799,Madrid,Manufacturing,PhD,0.5298385046299975,0.4131072540138808,0
418,26,6,9738,2238,18994,Malaga,Health,HighSchool,0.2815174442922639,0.9266908797448586,0
649,38,14,9433,6593,18883,Madrid,Finance,Master,0.6186302298615249,0.16078988247969872,0
322,42,22,5930,1973,1708,Valencia,Retail,Bachelor,0.029303460536634685,0.8106893657038977,0
729,53,9,10604,7708,3487,Barcelona,Finance,HighSchool,0.2602239635851603,0.7059628625745538,0
528,51,31,1852,581,16213,Bilbao,Health,Master,0.48993284548371885,0.7443907198086772,0
704,53,33,8645,3957,42396,Madrid,Finance,Bachelor,0.2727119634779589,0.02914186759588744,1
358,63,17,8443,7835,24672,Valencia,Education,Master,0.21820905407293145,0.30214509127435196,0
242,26,6,10397,9732,43129,Madrid,Finance,Master,0.015658095191934618,0.20715811540958362,0
542,32,12,6323,5522,3574,Malaga,Retail,Bachelor,0.4635789530716352,0.6461015079296982,0
297,54,13,4045,2697,21413,Sevilla,Retail,HighSchool,0.9534279767160722,0.23863738818396585,0
208,42,5,8067,5982,6251,Barcelona,Finance,PhD,0.3236016700850828,0.248047083667145,0
571,43,23,8768,915,8524,Madrid,Education,HighSchool,0.42646574521002734,0.1789829932501732,1
178,36,16,10001,5153,5168,Valencia,Finance,Master,0.1251702951269027,0.30282460610887607,0
145,31,11,6582,5874,45775,Malaga,Education,Bachelor,0.30958188741596093,0.3766793060563002,0
154,36,1,6721,1311,46838,Malaga,Health,Bachelor,0.13759958772587166,0.28687939731326817,0
5,46,5,10544,5303,41198,Bilbao,Health,Bachelor,0.22789827565154686,0.28938796360210717,0
134,42,10,11627,8038,45194,Valencia,Tech,PhD,0.8444843598146969,0.24331647482273366,0
279,25,5,3578,3373,8696,Barcelona,Finance,Master,0.676234553699946,0.48945872591563777,0
570,44,24,6718,2720,9277,Malaga,Health,Bachelor,0.17127497547300807,0.3113775597010767,0
310,45,25,2891,891,33123,Barcelona,Manufacturing,PhD,0.07483048432987749,0.5678207282892083,1
772,62,34,11257,4331,22959,Valencia,Health,Bachelor,0.7143509788637289,0.5196666474455023,1
512,42,1,6021,5035,33506,Bilbao,Retail,Bachelor,0.09428712753755075,0.4603698056612592,0
155,52,8,9185,7849,40327,Madrid,Tech,HighSchool,0.5488042454438354,0.7272347853249318,0
129,25,5,5958,4129,43380,Sevilla,Education,PhD,0.5123463058011047,0.34517285548086185,0
770,41,21,9778,2309,47971,Madrid,Health,Master,0.6269895323179615,0.35447334590414925,1
101,41,12,7802,7490,31667,Madrid,Finance,PhD,0.9926920436268976,0.29523075388326936,0
171,37,7,1924,881,32705,Bilbao,Education,HighSchool,0.4462731124056162,0.9963651121547608,0
103,40,14,11446,6272,14352,Malaga,Finance,Master,0.6591815403167537,0.8383371169625166,0
357,65,0,9267,2667,42426,Barcelona,Retail,HighSchool,0.9430049680580176,0.7127404881047043,0
20,37,17,8169,2059,6181,Madrid,Manufacturing,PhD,0.3542975665895538,0.41110227604973804,0
185,42,12,4110,2540,33733,Sevilla,Education,Master,0.39324218411329726,0.45723064218973086,0
37,37,17,4108,3725,45958,Madrid,Education,HighSchool,0.816586605596929,0.4603032346789421,0
486,46,14,5808,1148,27671,Malaga,Finance,Master,0.28467685467345294,0.7429268921311517,1
51,62,17,10040,8439,41074,Barcelona,Health,PhD,0.2717151070821846,0.3197095684187623,1
117,48,28,3362,760,31211,Sevilla,Health,HighSchool,0.6151068362844365,0.7272429971637352,0
142,27,7,4327,660,16236,Malaga,Education,PhD,0.5240685531701745,0.6098054063226744,0
41,29,9,10946,3614,16693,Madrid,Manufacturing,PhD,0.5384519970927919,0.7194299991448455,1
330,40,8,4411,3485,117,Malaga,Retail,PhD,0.8507569655350083,0.7708303925781245,0
280,58,17,11786,7286,24587,Sevilla,Tech,HighSchool,0.40285077330182095,0.74980238287319,0
382,50,17,3022,2026,22460,Barcelona,Tech,PhD,0.40025022597841864,0.456538686691471,1
755,32,12,6127,1206,43716,Sevilla,Finance,Bachelor,0.10090372557552496,0.4159843619395397,0
462,34,14,4771,1461,48197,Barcelona,Health,Bachelor,0.22920753212844247,0.8349404800660567,0
43,41,21,6567,5963,26764,Valencia,Education,Master,0.6649294342127715,0.37914527712254176,0
184,28,3,6254,3646,40329,Sevilla,Finance,Bachelor,0.8134778464394495,0.9337515352494048,0
39,39,19,9846,7048,44532,Bilbao,Health,HighSchool,0.17856781617246364,0.9625343157615555,0
694,23,3,6843,806,30206,Malaga,Education,PhD,0.2666188852518966,0.6959584762878708,0
136,55,32,4676,4210,22896,Valencia,Manufacturing,Bachelor,0.23626884894672429,0.14644421827769438,1
120,42,22,11287,9192,19326,Sevilla,Retail,PhD,0.09917846167904198,0.7017794185460662,0
778,48,7,3480,2013,37471,Valencia,Tech,Bachelor,0.11774221339424962,0.30492459230884983,0
427,65,21,9363,8083,29186,Valencia,Health,PhD,0.6066276660708613,0.8417929953382606,0
665,38,18,3459,2028,33588,Malaga,Retail,HighSchool,0.058510393993087995,0.3196811114329394,0
196,52,3,3762,2624,13588,Bilbao,Health,PhD,0.5254771514000354,0.31375259873781713,0
140,63,5,11576,10233,33231,Sevilla,Education,HighSchool,0.44973370365090626,0.8098159176979711,0
483,50,19,7492,3876,17026,Barcelona,Health,HighSchool,0.8479464883826706,0.34388491724999426,1
255,47,23,3365,2809,13094,Bilbao,Retail,Bachelor,0.953004611486296,0.46162222283314847,0
543,27,7,3354,1236,38367,Malaga,Retail,Bachelor,0.02491211279391181,0.4536807357543369,0
210,37,3,3436,2406,20106,Barcelona,Education,Master,0.6902903774188142,0.6387113251993833,0
222,36,16,10961,10296,44075,Valencia,Finance,Master,0.8762583221738072,0.9856955607251258,0
789,33,1,2458,1110,25555,Madrid,Health,Bachelor,0.37551315830333165,0.8277413986586146,0
231,35,15,6626,3890,2996,Bilbao,Finance,Bachelor,0.5840318991179981,0.7200119377492225,0
550,35,3,4528,1107,3608,Malaga,Health,HighSchool,0.14537441621593594,0.03243209173527761,0
173,27,7,7192,6312,4255,Bilbao,Retail,Master,0.7118091040072126,0.9273244567231778,0
592,52,21,8397,3391,19308,Valencia,Finance,HighSchool,0.6950511628602781,0.5976365189956522,0
679,48,7,6649,1512,30533,Madrid,Retail,Bachelor,0.288271259942145,0.7221365723059219,0
632,43,14,6335,5444,10275,Malaga,Retail,Bachelor,0.5781214458505499,0.5527556378767193,0
760,45,10,6286,4116,49936,Bilbao,Education,HighSchool,0.1542957324318064,0.3637369076505863,0
636,50,30,5440,1180,36601,Madrid,Manufacturing,PhD,0.9499338956028706,0.1327120017886585,1
740,43,23,5173,1770,32461,Bilbao,Manufacturing,HighSchool,0.29070302447839946,0.43735551893102464,0
516,60,0,11885,10857,25066,Madrid,Health,HighSchool,0.3193165402109155,0.5649128939925135,0
562,44,4,3946,1648,2042,Valencia,Education,Bachelor,0.570981641156145,0.3895662738932587,0
228,57,13,9354,3922,21821,Valencia,Tech,Bachelor,0.9371597632022477,0.962077556114459,0
152,28,8,3542,1667,5496,Barcelona,Health,PhD,0.9053062089782412,0.1473486559916043,0
628,53,32,3401,790,15420,Malaga,Education,Master,0.4190662741568043,0.7470867535237412,0
575,52,7,7258,4421,30227,Barcelona,Health,Master,0.10293221030895394,0.8175528922250351,0
69,52,32,10198,6132,27885,Malaga,Retail,Master,0.3066229913488304,0.23053804129850775,0
557,23,3,11747,2432,48330,Barcelona,Retail,PhD,0.5604155049178265,0.6375035435880566,0
282,26,6,8016,2284,28157,Barcelona,Education,Master,0.32286514958995294,0.2835930760037537,0
597,31,11,8265,6810,25111,Barcelona,Manufacturing,PhD,0.5777573938247643,0.8418330352386513,0
424,43,22,3600,3249,42957,Barcelona,Tech,Master,0.6195157771543329,0.9001185908429218,0
81,60,16,1923,687,15002,Malaga,Retail,HighSchool,0.2695110259670539,0.040231673144616176,0
293,37,17,7822,1423,15799,Sevilla,Manufacturing,HighSchool,0.9868825328431889,0.9339244016742159,0
477,50,23,11116,9035,29510,Sevilla,Finance,Bachelor,0.234627192184497,0.2516470100018183,0
218,44,7,4424,2700,25759,Bilbao,Finance,Bachelor,0.8348216116687155,0.7561794148589321,0
503,26,2,3626,1231,2049,Barcelona,Tech,PhD,0.6417516681276226,0.3885988195085619,0
112,35,15,8785,8286,15473,Valencia,Tech,Master,0.5444658614821449,0.9778425294520467,0
527,63,24,5287,3618,33327,Malaga,Tech,Master,0.08802066882265647,0.19887520000823444,0
121,63,35,5022,4023,29593,Barcelona,Education,Master,0.7296125076345044,0.312548349997133,1
734,64,30,8939,4912,38941,Malaga,Tech,Master,0.9697705138016268,0.6561727570173506,1
514,26,6,9405,3332,31999,Malaga,Manufacturing,HighSchool,0.5952312025595801,0.30039325384327464,0
113,44,3,8023,2760,12439,Madrid,Education,HighSchool,0.5971459595195451,0.02135745473637063,0
107,36,16,10631,6492,5918,Sevilla,Tech,Master,0.6728283818737536,0.6723407973510132,0
19,43,4,9923,4399,18250,Malaga,Education,Bachelor,0.8823830751407377,0.5762116497208999,0
333,37,4,7242,2602,7080,Malaga,Tech,HighSchool,0.9691018251056852,0.8845519975872275,0
585,33,13,3778,1270,36400,Sevilla,Health,PhD,0.6700660819228675,0.13427744814457554,0
442,26,6,7696,3657,8664,Madrid,Tech,Bachelor,0.5227113430171585,0.9093392230895125,0
327,43,12,3637,1895,46985,Barcelona,Health,HighSchool,0.9172241474811186,0.774366498819892,0
572,60,28,11597,6326,20476,Valencia,Finance,HighSchool,0.9736818888990878,0.7557429355712851,1
534,42,22,8237,2985,29032,Malaga,Manufacturing,Master,0.15195705577066454,0.18793360223450828,1
138,59,28,10748,5795,41105,Valencia,Finance,PhD,0.06828625849575609,0.44220806383628486,1
667,62,4,9919,3675,41158,Barcelona,Tech,Bachelor,0.8268219966068482,0.6849671512833029,0
675,35,12,4527,3246,23038,Madrid,Tech,Bachelor,0.9487916050832819,0.3478365417734032,0
538,35,4,4401,2299,40439,Sevilla,Manufacturing,Master,0.8667749051566789,0.8875869158415782,0
248,27,7,8561,4176,36502,Bilbao,Retail,PhD,0.10329292734162432,0.0896188419603875,0
627,35,15,5618,3238,40423,Sevilla,Tech,HighSchool,0.1758876082155526,0.7854920180817337,0
494,64,13,3350,1466,41478,Sevilla,Health,HighSchool,0.16736035640828606,0.2761000438384478,0
706,26,6,7454,6002,43085,Madrid,Education,Bachelor,0.2360411518211093,0.5709733794218331,0
567,29,0,6595,860,45026,Bilbao,Tech,Master,0.5205777121050669,0.6589842866775,0
165,33,13,9651,6518,34031,Valencia,Tech,PhD,0.8223412795398867,0.545474397344637,0
92,46,14,8230,857,20852,Malaga,Education,PhD,0.38607875249098234,0.6636888294845347,0
238,31,11,4644,3038,34501,Valencia,Health,Master,0.7949363320834668,0.07901924381443537,0
743,54,1,3366,2395,11767,Barcelona,Education,HighSchool,0.29764751578827464,0.587208388180246,0
692,59,1,11742,6091,24941,Madrid,Education,Master,0.9919455227059578,0.41192960255793676,0
475,40,20,11849,2873,10982,Malaga,Health,PhD,0.8489007719388086,0.07134407817655741,0
437,31,11,4078,1983,39454,Malaga,Tech,Bachelor,0.11333869756398085,0.6752294263155358,0
435,63,4,9965,4621,24663,Barcelona,Retail,PhD,0.4868615626741756,0.48211008971312597,0
771,25,5,8852,2940,37515,Malaga,Tech,PhD,0.7457580714598303,0.5815938231766017,0
705,39,19,4383,3139,2767,Malaga,Education,HighSchool,0.31390477420091434,0.29797917505481675,0
611,52,7,10793,9270,23522,Valencia,Manufacturing,Master,0.9588238868644416,0.09066697482284425,0
489,39,8,8683,6456,537,Barcelona,Tech,Bachelor,0.42024302714747697,0.7857253387530323,0
86,39,19,3646,1679,28712,Malaga,Education,HighSchool,0.02886944244166323,0.6300222770040605,0
487,39,19,4580,3995,4486,Barcelona,Finance,Master,0.45276723259787355,0.7004725979473723,0
315,38,11,2009,1328,29635,Bilbao,Manufacturing,Bachelor,0.7938097427769977,0.12145325550404873,0
547,25,5,6547,3035,47851,Sevilla,Health,Bachelor,0.2028517052794463,0.6225603279873416,0
461,65,21,2745,1635,11697,Sevilla,Health,Master,0.1827844526404001,0.7461562580101736,0
241,63,21,10770,2062,34613,Madrid,Finance,Bachelor,0.5667841469906292,0.27109505270840195,1
701,51,17,11951,9228,40266,Sevilla,Retail,HighSchool,0.14774368882457867,0.15047265400315457,0
42,64,12,7467,4033,4585,Malaga,Health,Master,0.6633874762655443,0.12462531566436774,0
373,47,1,5242,2337,47655,Barcelona,Finance,HighSchool,0.3665914513998485,0.6505403801212247,0
504,53,33,11723,10171,16773,Madrid,Health,Bachelor,0.60595362423245,0.070873960950122,0
251,26,6,8621,2760,27597,Valencia,Education,HighSchool,0.7208994524555927,0.4958024367228626,0
300,38,10,7592,1539,49137,Valencia,Manufacturing,HighSchool,0.7714302904896246,0.029356251172803494,0
261,65,32,3969,1912,1609,Sevilla,Tech,Master,0.11606933795897467,0.940676158146193,0
436,60,0,9722,2776,28829,Barcelona,Finance,HighSchool,0.514541273142971,0.28080950834987384,1
687,41,6,2753,2516,30541,Barcelona,Health,PhD,0.3436156497112035,0.8596723119953944,0
595,38,0,3327,2973,11443,Bilbao,Manufacturing,Bachelor,0.1753993649874075,0.7825277052877461,0
144,65,24,6155,2564,47430,Malaga,Retail,Bachelor,0.3333620360605566,0.5827395145864196,0
408,38,0,6915,4320,46510,Barcelona,Tech,Bachelor,0.9286282384591551,0.5968803320143776,0
323,39,3,9228,6356,38272,Barcelona,Finance,HighSchool,0.5336895645878103,0.7912372121010681,0
28,47,8,6415,4245,20720,Madrid,Tech,PhD,0.6211592554930928,0.562993645638946,0
127,33,9,10778,7066,4560,Barcelona,Manufacturing,HighSchool,0.3761944057034886,0.45364579067301736,0
168,62,25,7452,4703,49145,Malaga,Finance,HighSchool,0.14277946836254973,0.6075729033208553,1
693,25,5,5556,2422,42472,Valencia,Retail,HighSchool,0.30491245623284047,0.3375942570699695,0
405,65,20,10546,1381,849,Malaga,Health,Bachelor,0.8701180923213351,0.8299834819551445,0
589,45,2,2120,1663,31671,Malaga,Health,HighSchool,0.08006310568815078,0.7301854694731025,0
275,50,30,5080,3982,6711,Malaga,Manufacturing,Bachelor,0.44973234283041374,0.3485769768223138,0
726,64,23,3666,2791,2695,Bilbao,Finance,Master,0.1698664985876286,0.4928398276144783,1
97,28,8,4225,3342,19625,Madrid,Tech,Master,0.37484108977531483,0.14556979569939843,0
301,49,17,10082,1546,17232,Malaga,Retail,HighSchool,0.05543911084242159,0.8593597826874713,0
316,25,5,3641,1311,26252,Valencia,Manufacturing,HighSchool,0.5823238014140631,0.25882065234652585,0
637,40,15,2986,565,31443,Malaga,Health,Bachelor,0.7472866966103026,0.024413473728453927,0
779,45,19,6316,4480,1833,Barcelona,Finance,PhD,0.8890572062394194,0.2155814557006741,1
126,61,35,1930,1047,1897,Barcelona,Health,Master,0.9215375210331727,0.3510234207369818,0
326,33,13,2121,684,3681,Barcelona,Retail,Bachelor,0.0199279898885526,0.4779889881661794,0
220,29,2,8368,5537,1025,Barcelona,Finance,HighSchool,0.10089671309250703,0.03357627575428079,0
563,60,7,6550,6277,20611,Malaga,Tech,Master,0.23764224627303754,0.45190632961286203,0
163,24,4,6580,4722,26098,Bilbao,Education,Master,0.28611089555154867,0.8621385304692504,0
192,41,21,9811,8851,34887,Sevilla,Manufacturing,Master,0.47489259999803324,0.01663695550231492,0
356,35,14,5188,2193,17634,Malaga,Education,HighSchool,0.864629930111048,0.9671383557287806,0
568,41,1,10962,5614,41867,Barcelona,Health,Bachelor,0.1925456396234585,0.27664953866806474,0
273,23,3,6285,767,18012,Barcelona,Retail,Master,0.742518251929787,0.7659195549436907,0
664,63,15,1966,744,18167,Sevilla,Tech,Master,0.5810657700932466,0.5655745896404125,1
662,33,13,6242,5037,32151,Madrid,Health,Master,0.4941004854387123,0.7398560230691122,0
407,65,4,4563,1211,48174,Bilbao,Tech,PhD,0.26423959530939556,0.1609288497566137,0
652,32,12,6440,1495,1633,Sevilla,Education,Bachelor,0.9477890540513451,0.9278112897293115,0
797,42,21,11906,4782,49328,Malaga,Education,Master,0.34162980474996485,0.45979934155190494,0
491,56,30,4475,1287,16389,Sevilla,Tech,HighSchool,0.38479789921064167,0.9749722141248057,1
74,26,3,3985,1111,36886,Valencia,Tech,Bachelor,0.11845156221146158,0.7644434453261942,0
61,41,6,10981,920,20444,Bilbao,Manufacturing,PhD,0.07599647784305996,0.6906144159329803,0
34,31,11,2090,1256,38175,Bilbao,Finance,PhD,0.12744551928213876,0.3082583499301337,0
365,36,16,8389,6956,21713,Valencia,Health,Master,0.05367695440645037,0.6343967436520354,0
663,36,1,1540,657,17214,Valencia,Manufacturing,PhD,0.2876890332785008,0.17937230685268712,0
223,55,14,8275,2961,18032,Madrid,Retail,Bachelor,0.49562078749302096,0.9722902353436859,0
452,45,5,11478,1118,47480,Sevilla,Education,Master,0.7116058317089812,0.5974725638140963,0
596,37,17,4462,3774,34562,Madrid,Health,HighSchool,0.9673456336935627,0.595544091864987,0
544,34,14,2977,1524,21238,Malaga,Manufacturing,Bachelor,0.718374719718563,0.12354421683543348,0
270,58,24,8431,2021,31894,Malaga,Retail,Bachelor,0.5549125758324974,0.48964202619220887,0
482,49,29,11982,10978,34982,Valencia,Health,PhD,0.5396681221360596,0.804707766246453,0
725,25,5,5347,4357,23219,Bilbao,Manufacturing,HighSchool,0.3809376754053484,0.9775238737068832,0
339,49,5,6325,5923,40965,Bilbao,Education,Bachelor,0.6381906590745706,0.9770576959992654,0
619,36,4,4820,3991,22108,Malaga,Manufacturing,PhD,0.575967010452485,0.13732940198175514,0
415,28,8,10310,7630,42373,Madrid,Manufacturing,Bachelor,0.03788631474614812,0.07324802915951656,0
190,31,11,11370,8841,26305,Bilbao,Tech,HighSchool,0.03891396624622023,0.7135918463248067,0
123,28,8,3631,2778,3930,Bilbao,Retail,Master,0.8736073722343185,0.9411298688522297,0
741,52,19,3934,1023,44847,Valencia,Finance,PhD,0.07653251973764608,0.0450949036584386,1
157,61,29,2529,727,32756,Bilbao,Retail,HighSchool,0.7185443277923527,0.29127198777525787,0
559,43,21,7988,6434,37284,Bilbao,Tech,Bachelor,0.9222797652518224,0.4791082733583677,0
480,40,20,11764,2571,8603,Bilbao,Finance,HighSchool,0.03515498089454416,0.35684124276316764,0
174,62,11,7422,4667,14695,Madrid,Finance,Bachelor,0.2367361842868705,0.49402193744692224,0
648,59,33,10486,7795,30015,Valencia,Retail,Bachelor,0.8982819228570779,0.3064950046817744,0
454,61,10,2090,1236,15679,Malaga,Tech,Bachelor,0.08684281257403748,0.2759368701254791,0
404,36,16,7871,2446,33483,Malaga,Health,HighSchool,0.9264848111687796,0.3875546486419903,0
336,27,7,11232,10553,31636,Malaga,Tech,PhD,0.9424422581019638,0.1649971947619141,0
195,24,4,4625,577,28903,Valencia,Education,Bachelor,0.5018195046109877,0.6114780598917674,0
600,50,24,6672,4843,44752,Madrid,Tech,Master,0.956183655889625,0.43178587861720885,1
22,51,15,2735,1407,36066,Madrid,Tech,HighSchool,0.9689962572847513,0.9263669830081276,1
625,29,9,3067,1982,49881,Bilbao,Retail,Bachelor,0.20810870287140149,0.05306901927082974,0
523,27,7,2393,997,40698,Barcelona,Health,HighSchool,0.30511805005417436,0.4711903037335583,0
181,48,1,9659,9438,18983,Malaga,Health,PhD,0.4060925267445584,0.45354413295517126,0
23,37,10,8158,4478,31546,Barcelona,Education,HighSchool,0.39042175758781317,0.9265180735593334,0
577,37,17,4105,2475,25153,Madrid,Health,Bachelor,0.7843139766171964,0.4353537080229162,0
183,42,22,8032,1571,49850,Valencia,Retail,HighSchool,0.2674716744541824,0.24791888252554561,0
252,61,12,9001,2252,8879,Valencia,Tech,PhD,0.33221721531162696,0.6201921878746893,1
624,33,13,11527,1942,41103,Valencia,Health,PhD,0.00457004128180738,0.23563900732921705,0
525,31,1,7670,5275,43484,Bilbao,Tech,Master,0.7891884945074221,0.6179647763913978,0
269,65,8,6631,1465,15635,Valencia,Tech,Bachelor,0.38846326930999087,0.5964258174439317,0
591,64,4,11882,9334,37986,Valencia,Retail,HighSchool,0.010783400154626421,0.4540347718645863,0
179,56,5,9734,3262,38784,Bilbao,Finance,Bachelor,0.6051389078618554,0.842530004113389,0
291,39,5,5565,5033,39387,Bilbao,Manufacturing,Master,0.847892104439959,0.6584053700851439,0
203,32,12,9293,8322,42633,Barcelona,Health,Master,0.7687249935378188,0.6522987304190796,0
204,36,16,2111,858,27386,Barcelona,Tech,PhD,0.7879606298758379,0.1863116319224889,0
537,30,10,4666,1426,2112,Sevilla,Tech,Master,0.6713390871006505,0.20283357618582687,0
735,50,20,10825,2618,13852,Madrid,Manufacturing,Master,0.07072408904996674,0.951900188641932,1
369,58,10,9521,1942,8480,Bilbao,Education,PhD,0.38331642005346067,0.037725318474937986,0
700,57,11,1804,1557,12225,Bilbao,Education,Bachelor,0.660806216017284,0.8239079992637635,0
451,57,3,4133,2093,41672,Madrid,Tech,Bachelor,0.08814068931401109,0.2630919979644585,0
298,37,5,8618,1450,29712,Bilbao,Retail,HighSchool,0.3092900638735262,0.7416935090575543,0
146,43,8,10124,2031,42337,Malaga,Education,Master,0.01823053779153272,0.3088660700638809,0
118,64,33,6441,4252,42161,Madrid,Tech,PhD,0.8472985431672427,0.42627361927999174,1
31,30,10,3391,938,48655,Bilbao,Finance,Master,0.34288028779325863,0.6874971288013305,0
659,27,7,8778,6574,27237,Sevilla,Health,Bachelor,0.42383219844554,0.8964288265570535,0
76,35,13,5835,1165,10292,Barcelona,Finance,HighSchool,0.15653261544313812,0.40851757266002664,1
732,35,0,10118,9851,11833,Sevilla,Tech,Bachelor,0.7682534269847778,0.6769085160963626,0
775,57,33,7968,7643,17281,Bilbao,Education,PhD,0.9478200338001628,0.7317169604694282,1
7,64,17,2669,1747,41613,Barcelona,Retail,Bachelor,0.9895233506365952,0.6399997598540929,1
189,57,17,11711,10511,7786,Barcelona,Tech,PhD,0.5578318382721287,0.36560637321297207,0
410,56,34,8109,1253,22898,Barcelona,Finance,Master,0.33106653661130236,0.29357435717020386,1
211,40,20,11570,4118,14360,Barcelona,Education,Bachelor,0.37362484198693635,0.7019407268556542,0
385,30,10,9497,2350,26953,Sevilla,Tech,HighSchool,0.7045681764806231,0.6779289210201643,0
565,50,30,1908,1488,32771,Barcelona,Finance,Master,0.5236279615041517,0.7755332091997411,1
604,27,3,11234,4052,39281,Malaga,Tech,HighSchool,0.08638637405962357,0.6046857843541149,0
672,30,9,5212,3018,8214,Barcelona,Finance,HighSchool,0.4248050726266066,0.7630236877801249,0
219,41,21,10420,7448,34860,Sevilla,Finance,Bachelor,0.1884804512367424,0.8752081746237274,0
800,64,28,3522,1945,24666,Bilbao,Health,PhD,0.17718663691837921,0.7679658443620033,0
236,61,30,9493,757,433,Bilbao,Retail,PhD,0.011850968127892436,0.5294176468416506,1
229,29,9,5474,2175,25993,Barcelona,Retail,Master,0.533650127416263,0.35925955555157574,0
4,27,7,3084,1970,22541,Bilbao,Health,HighSchool,0.7297317866938179,0.5362280914547007,0
225,56,30,5448,2346,19709,Malaga,Finance,PhD,0.9677861885466267,0.5572867581992731,1
713,32,12,11844,5696,42233,Sevilla,Tech,Master,0.9404954201854159,0.47109128338800343,0
44,33,13,8153,4988,26,Valencia,Health,Bachelor,0.4298881499898346,0.579984781195682,0
466,44,24,4363,2372,7888,Malaga,Retail,PhD,0.31565126545139066,0.00841860481962542,0
108,59,24,11961,6586,7100,Malaga,Finance,PhD,0.025024649646482322,0.8842348452148522,1
167,50,22,8825,846,47632,Valencia,Retail,PhD,0.9479043786030863,0.07504116498815927,0
620,35,2,11217,3341,21987,Madrid,Tech,Master,0.1412368026193237,0.41515432423391074,1
429,62,1,11033,9984,26550,Bilbao,Finance,HighSchool,0.9987281750118517,0.4721039507829259,0
307,61,15,9100,6533,38777,Sevilla,Finance,Bachelor,0.02391025597600438,0.5415451999487257,1
344,55,9,3470,2339,11329,Barcelona,Finance,Bachelor,0.12618599863853974,0.42337489931559946,1
340,52,7,6552,3756,30863,Sevilla,Manufacturing,Master,0.09113687755067923,0.5441260292196803,0
479,47,27,2863,925,17200,Bilbao,Finance,HighSchool,0.3093706535499986,0.24739651931519224,0
488,53,12,6753,658,9971,Madrid,Retail,HighSchool,0.18593759814152566,0.10227348865653973,1
194,59,14,2341,1695,31486,Barcelona,Retail,PhD,0.14777570830033182,0.6807268950506788,0
350,65,6,5234,1600,19692,Malaga,Education,Master,0.26941998100876363,0.41677272770538276,0
71,59,33,11277,5136,6588,Barcelona,Health,Bachelor,0.7080184857110313,0.12658295984798162,1
207,33,0,7023,2916,37210,Malaga,Finance,Bachelor,0.4054903747662143,0.42770325031340606,0
206,30,10,9168,4970,12636,Madrid,Health,Bachelor,0.7311192338087742,0.6482853387092417,0
766,42,22,1629,1346,18335,Bilbao,Retail,Bachelor,0.7002950638826048,0.4461890507033418,0
353,34,3,5587,770,29913,Madrid,Health,Bachelor,0.5051263749371638,0.635409809075844,0
433,24,4,9985,6418,25434,Sevilla,Education,HighSchool,0.10322501289648,0.9684414008362062,0
670,55,34,10529,2367,27351,Sevilla,Tech,HighSchool,0.8188447440507423,0.9234097526772275,1
640,35,5,11665,6000,48218,Madrid,Retail,Master,0.8879779059556319,0.11096654372628767,0
520,58,12,10694,9089,16137,Barcelona,Tech,Master,0.7767718987916836,0.32341164115621124,0
244,27,7,7166,939,6401,Sevilla,Finance,HighSchool,0.34059274647510596,0.7690056533654424,0
59,63,4,2159,563,16205,Barcelona,Tech,Bachelor,0.11438944610930657,0.9477570222166518,0
149,61,10,8670,857,26926,Valencia,Manufacturing,Bachelor,0.752391165111486,0.7838003594348427,0
715,60,35,6853,4213,45561,Madrid,Tech,Bachelor,0.13609222324994052,0.40066184997614707,1
799,33,13,10606,8511,49968,Sevilla,Retail,HighSchool,0.07752311631030828,0.03094752052852645,0
378,48,18,4127,661,35922,Sevilla,Finance,PhD,0.3306036161967014,0.0027379990573926927,0
299,33,7,1707,1224,8992,Malaga,Tech,Bachelor,0.5172228424473635,0.8225068727192694,0
352,32,4,6597,6312,33213,Sevilla,Finance,HighSchool,0.17373735601278717,0.8751805561254168,0
317,26,1,2556,904,42335,Sevilla,Finance,HighSchool,0.33154989125227674,0.04269631909043081,0
481,42,22,9154,4963,35949,Sevilla,Finance,Bachelor,0.7489116015721197,0.8772937101422584,0
151,46,26,10141,7359,10620,Barcelona,Retail,Bachelor,0.480590655461825,0.3712121066044326,0
150,36,16,5418,3035,30737,Barcelona,Health,PhD,0.4616799784409892,0.2817717327037754,0
555,40,20,11475,5685,17017,Bilbao,Retail,Master,0.4963969254471793,0.7291847439993739,0
688,56,1,2017,1381,7807,Sevilla,Education,Master,0.8528742892767233,0.4425561462317127,0
785,52,32,1805,746,43139,Bilbao,Finance,HighSchool,0.8296905510546095,0.8389174408290969,0
526,25,5,1636,568,25470,Malaga,Health,Master,0.8642822735599535,0.019078323934194175,0
447,58,33,3430,2628,471,Sevilla,Manufacturing,Bachelor,0.3622697897745908,0.1547785805618136,0
320,48,28,9348,1499,5748,Valencia,Education,Bachelor,0.41923482119633104,0.6426525256384351,0
651,42,8,8723,2633,24226,Barcelona,Finance,HighSchool,0.14794421473827157,0.4484290967871739,0
62,62,15,3169,1735,44843,Bilbao,Tech,HighSchool,0.347203765308449,0.42837801323474445,1
46,40,20,11870,10645,21966,Madrid,Finance,Master,0.22464066599728827,0.19912993272657664,0
141,63,12,6767,5456,31170,Bilbao,Finance,HighSchool,0.8373771782475543,0.9823855810933974,0
249,57,5,11280,10298,21261,Sevilla,Tech,Master,0.7248438440347913,0.559536545762476,0
191,52,32,8987,2940,39731,Bilbao,Finance,Master,0.3929545878664831,0.6165004874715161,1
794,22,2,11670,5239,42798,Barcelona,Tech,HighSchool,0.9335068160430394,0.48218625987546837,0
493,41,20,4098,3077,47725,Madrid,Manufacturing,HighSchool,0.19872363180239982,0.8875195760435425,0
432,58,9,9421,6378,2648,Barcelona,Education,Bachelor,0.0628611614134692,0.36943518544747433,0
364,28,8,3596,1559,47525,Bilbao,Finance,Master,0.6544346443511532,0.22225351151290085,0
263,50,20,2600,1114,2928,Malaga,Tech,HighSchool,0.677139332890884,0.16435409285070324,1
522,44,24,11710,2889,28866,Madrid,Finance,Bachelor,0.6853592274622677,0.15599121717910303,1
130,29,9,11217,8472,34533,Malaga,Health,HighSchool,0.2205184355025246,0.9844456583211195,0
587,48,28,11402,7474,40845,Barcelona,Education,PhD,0.35530723054514013,0.18579103369095806,0
756,53,19,5345,2215,36492,Madrid,Tech,Master,0.880906106984675,0.35704387483692057,1
608,35,6,8734,6360,16973,Madrid,Tech,HighSchool,0.07041232713568624,0.727545151491436,0
70,34,14,3458,2694,49950,Malaga,Finance,Bachelor,0.21638463987860568,0.4841985872127087,0
610,58,0,9944,8539,31335,Sevilla,Education,HighSchool,0.5401287170190129,0.0033073602946390723,0
13,51,0,5815,4600,49935,Barcelona,Retail,HighSchool,0.6389494948660052,0.6089702114381723,0
106,39,10,5710,4447,19342,Malaga,Health,HighSchool,0.4683313888526953,0.07529936090675748,0
674,29,9,2209,635,19768,Malaga,Tech,HighSchool,0.7823708141132708,0.9200980708136556,0
795,60,16,7728,3378,41432,Barcelona,Retail,Master,0.5630815779412927,0.30063834853258053,1
602,34,14,7028,6051,45238,Barcelona,Health,HighSchool,0.6728018597399902,0.8316894998248812,0
337,49,10,2377,707,21698,Barcelona,Finance,PhD,0.7299740056702899,0.26526476934997656,0
711,25,5,5644,5027,25211,Valencia,Manufacturing,Master,0.5349106927734086,0.2363818947795565,0
782,42,5,11736,11387,40867,Sevilla,Education,Bachelor,0.9002444177523041,0.3389978821649734,0
27,37,2,11647,1843,27474,Malaga,Retail,Master,0.7161918007894148,0.23868595261584602,0
348,52,2,4321,1628,26409,Barcelona,Retail,PhD,0.038782532481795085,0.8895742139142575,0
104,62,6,11780,11089,2583,Valencia,Education,HighSchool,0.5795738053684028,0.7323597679392383,0
439,32,8,11814,8899,2568,Bilbao,Finance,HighSchool,0.5166406926381464,0.40545631646631297,0
476,32,12,5239,3068,20766,Malaga,Health,Master,0.6053849730241618,0.3954553251806504,0
394,48,6,5666,2104,12290,Madrid,Education,Bachelor,0.4570460082929889,0.7814204036487546,0
728,39,19,8546,2817,17250,Bilbao,Health,Master,0.4357753686060891,0.16498381879585167,0
11,29,9,11780,3121,44596,Sevilla,Retail,HighSchool,0.46804988778467727,0.2514141199818132,0
614,24,4,1915,1714,15629,Sevilla,Education,HighSchool,0.7927391718369129,0.6434076376835322,0
239,47,27,10756,4484,45694,Barcelona,Health,HighSchool,0.7595858501768448,0.09350050542710941,0
421,29,2,1582,1086,39102,Sevilla,Retail,HighSchool,0.9035463759745459,0.3438516498486469,0
633,36,5,8245,7520,34194,Sevilla,Finance,PhD,0.7300177546449778,0.7361788591191059,0
99,59,9,5304,4277,41805,Valencia,Education,Master,0.4652532555253015,0.2876316657484388,0
412,24,4,7748,7022,7430,Sevilla,Health,Master,0.024705729718028868,0.5168678225734015,0
391,61,19,9828,3889,42899,Malaga,Education,Master,0.2229181143963146,0.45445998260358433,0
302,32,12,4077,1544,6743,Bilbao,Manufacturing,HighSchool,0.22840442315325105,0.5088248849106468,0
722,60,13,6136,2051,27415,Barcelona,Education,Bachelor,0.028773116247303387,0.9761281629040797,1
573,51,8,3022,2418,6374,Sevilla,Health,PhD,0.14372168377858596,0.895700861639843,0
58,48,16,2841,2426,1270,Malaga,Retail,HighSchool,0.9999078285092092,0.3499603437201839,0
105,27,7,6852,6623,27230,Barcelona,Finance,Bachelor,0.3658575306151238,0.5017947622648401,0
68,53,28,1782,690,19283,Barcelona,Education,Bachelor,0.3062060301300884,0.5815555853323672,0
681,36,16,8172,2880,28046,Barcelona,Tech,PhD,0.012785844495321164,0.6741589120898274,1
678,59,11,8703,6017,7033,Barcelona,Health,PhD,0.42409184734727434,0.5142510028746292,0
626,29,9,9272,8651,11555,Barcelona,Manufacturing,HighSchool,0.05402761433169867,0.3641930690785089,0
309,37,17,9561,1481,9330,Malaga,Health,HighSchool,0.845504235623473,0.4130568035010017,0
57,51,11,2323,1032,24844,Valencia,Finance,PhD,0.3791262155641363,0.7520098235547849,0
453,33,13,8692,587,13219,Malaga,Retail,Master,0.5105478503988208,0.6984497325991911,0
64,31,11,4385,3505,34193,Malaga,Health,PhD,0.4648737716345078,0.8257345984207556,0
744,51,28,11720,4842,22369,Barcelona,Finance,Bachelor,0.0782205294596352,0.9821861878339415,1
745,38,6,8607,4877,1174,Madrid,Education,HighSchool,0.4601630173013078,0.4050915976522901,0
321,55,15,11834,9407,1279,Sevilla,Manufacturing,Master,0.3440341197898761,0.5656511150478813,0
387,52,22,7805,1717,36591,Bilbao,Tech,HighSchool,0.8488455747760008,0.8518711514460662,1
35,24,4,4941,2544,43708,Madrid,Health,PhD,0.9257638225695566,0.23673733222935867,0
63,45,4,9789,6090,829,Sevilla,Education,HighSchool,0.8915750148051031,0.4597393476017463,0
88,63,9,9665,5281,33349,Malaga,Health,PhD,0.8347239455766944,0.9802446326033755,0
798,60,21,1760,773,42365,Madrid,Retail,PhD,0.004279247682131726,0.009578612988489832,1
593,41,16,2506,1788,31009,Bilbao,Finance,HighSchool,0.7373800771260038,0.02729808752846452,0
458,56,16,8754,8413,24712,Bilbao,Education,Bachelor,0.7574732850466724,0.9612387253016144,0
685,47,27,9879,5069,9658,Sevilla,Tech,HighSchool,0.6283710296631083,0.13460838071795933,0
98,55,26,10772,3450,11140,Barcelona,Tech,PhD,0.6197103685374153,0.24082979185631304,1
450,30,7,5264,4158,45830,Barcelona,Tech,Bachelor,0.508343543116457,0.786081122893377,0
635,48,2,2156,1463,48069,Bilbao,Tech,PhD,0.7980175144721083,0.8212913207560718,0
615,53,33,8861,8418,1075,Madrid,Health,HighSchool,0.4055078559978835,0.2116781756811119,0
75,60,14,10061,6732,29524,Sevilla,Health,PhD,0.6096309122451303,0.740089305484545,0
243,31,11,2760,1725,10646,Bilbao,Finance,PhD,0.3838462140829061,0.7397451709207191,0
533,31,10,6701,1055,36525,Bilbao,Manufacturing,HighSchool,0.1455228308370674,0.029483346383534448,0
342,31,6,2904,1908,35484,Sevilla,Retail,Bachelor,0.5536019061579088,0.8407971664302505,0
56,51,8,11695,9251,1767,Sevilla,Retail,HighSchool,0.08394746216200022,0.42861276966109485,0
349,43,15,2307,2027,31143,Valencia,Health,HighSchool,0.31094929784794634,0.8428465686114073,0
245,60,25,6847,742,41557,Valencia,Education,PhD,0.3754269959915276,0.185737845895401,1
485,60,14,1618,1061,24487,Barcelona,Education,PhD,0.7371178541033774,0.38972326985319594,0
111,56,26,11122,3031,27189,Malaga,Tech,PhD,0.2797401400857886,0.6902806637475636,0
254,47,20,6275,5684,32178,Bilbao,Finance,Master,0.3760553023241471,0.8164945154329131,1
257,64,9,8432,6964,24706,Madrid,Education,PhD,0.9234957540064467,0.8696337244786982,0
752,29,9,11702,11087,22725,Sevilla,Manufacturing,PhD,0.020806924710671804,0.2880107814536179,0
686,28,3,2617,1520,44440,Madrid,Finance,PhD,0.6045839241087761,0.3269558858330298,0
607,38,16,4415,2304,4548,Sevilla,Finance,PhD,0.1438726003515135,0.768707323307198,0
25,25,5,2498,2031,20552,Madrid,Tech,PhD,0.15743272793948326,0.9607789032744504,0
720,45,10,10793,2422,925,Malaga,Retail,PhD,0.7733593204616683,0.9282848719783713,0
492,37,2,4763,2387,48190,Madrid,Retail,Bachelor,0.4728255449915152,0.6814423200578532,0
29,28,4,10308,3992,33153,Valencia,Finance,Master,0.36952708873888396,0.15774683235723197,0
100,56,10,2710,1404,22646,Bilbao,Health,PhD,0.6903135124601291,0.4568358126677865,0
781,50,21,7681,4393,47188,Bilbao,Finance,Bachelor,0.4499293913485165,0.4490747388376488,0
642,56,7,9339,3937,49359,Malaga,Finance,Master,0.3527116693402308,0.26735785233651077,0
65,59,17,6780,2511,5679,Valencia,Education,Bachelor,0.6681884704454936,0.33639661989137526,0
319,33,13,5017,2033,18021,Valencia,Education,Bachelor,0.24578477924524544,0.29510516299971645,0
338,40,19,5391,1285,3252,Sevilla,Retail,PhD,0.1535899345167342,0.36082892122727306,0
169,50,2,3568,775,15466,Malaga,Health,Master,0.6050948288547855,0.6790620569133949,0
202,25,5,8271,3205,47012,Sevilla,Tech,Bachelor,0.00518144640713003,0.5503525657796167,0
256,35,15,6273,1066,26813,Malaga,Education,Bachelor,0.6333360396536636,0.24202116767079884,0
77,60,30,6271,767,15170,Valencia,Manufacturing,Master,0.6873849200712427,0.9239110444825487,0
434,62,17,5814,5240,35674,Bilbao,Finance,PhD,0.6536753131338843,0.36529677799104765,1
232,40,9,4714,1851,15074,Sevilla,Retail,Bachelor,0.4993014823693225,0.6546079661210219,0
26,27,7,2622,1718,4453,Malaga,Finance,PhD,0.11988661394712419,0.8902873141294375,0
586,26,1,3859,3454,31896,Malaga,Education,Bachelor,0.08466344428971606,0.6422428995813549,0
84,47,27,2101,1431,5771,Valencia,Health,Master,0.11592160143095787,0.7725479260398078,0
343,55,26,10273,8279,37533,Barcelona,Education,Master,0.7143056991303599,0.5021014703156048,1
200,40,5,7174,4123,42989,Valencia,Manufacturing,PhD,0.21398680807700754,0.8279517035080337,0
402,46,9,2369,1872,3709,Barcelona,Health,Bachelor,0.9835323936240042,0.6833903286647871,0
6,27,7,3154,2056,18217,Sevilla,Manufacturing,Master,0.1626540971560848,0.3552707002275215,0
324,25,5,10932,6863,23252,Barcelona,Finance,Bachelor,0.5925195091814127,0.8062102253593884,0
460,42,22,7285,4731,35104,Madrid,Manufacturing,Master,0.24825760936207752,0.09300943016209173,1
733,43,1,6157,1499,25832,Valencia,Retail,HighSchool,0.08106323674494897,0.8306992255725462,0
431,47,23,9727,673,43429,Barcelona,Retail,Bachelor,0.1592224179144589,0.566357254599868,1
762,48,23,11812,11395,16085,Barcelona,Retail,PhD,0.7872157411886901,0.13799433262473848,0
49,55,29,2322,1641,16331,Madrid,Education,Bachelor,0.987892453066448,0.5954523184694197,1
230,38,18,9901,8647,30540,Madrid,Manufacturing,PhD,0.7616289693097112,0.32023328478880597,0
45,63,20,9118,7738,28977,Malaga,Finance,PhD,0.7359614459402217,0.6588507449984218,1
530,23,3,6090,2347,9942,Valencia,Education,Bachelor,0.08779501713730142,0.3822071218544083,0
371,37,14,7141,3056,8449,Madrid,Education,Master,0.29820225349413876,0.2908277918094866,0
508,58,22,9015,7497,6822,Barcelona,Finance,PhD,0.5046927805059617,0.6575318810207877,1
478,27,7,4234,2126,6750,Madrid,Tech,PhD,0.5484337438182938,0.026364913366241027,0
531,65,14,8337,2469,37545,Barcelona,Education,Master,0.5422337512058923,0.20675727466100935,1
787,43,23,4457,2199,1576,Bilbao,Health,PhD,0.09933363304867793,0.1681559926670173,0
125,28,8,10613,6522,7529,Valencia,Retail,Bachelor,0.9745466021257082,0.8184268595406696,0
739,52,17,10725,10335,27726,Madrid,Education,Master,0.4260170988213081,0.04043808961914075,0
417,49,20,1776,1297,44125,Madrid,Retail,HighSchool,0.7559605966951775,0.5856080133133892,0
443,65,26,3950,2980,6311,Barcelona,Education,HighSchool,0.752383151035878,0.09318996580124594,1
331,58,2,4483,2967,20854,Bilbao,Finance,HighSchool,0.7453433281019824,0.23799592514939694,0
54,58,24,9314,596,23052,Valencia,Education,PhD,0.5382205676102315,0.7346340607563577,1
666,30,10,4175,716,17869,Valencia,Education,Master,0.048714900686265494,0.2916640976787531,0
690,29,9,10573,9337,37500,Sevilla,Education,Bachelor,0.506685048757025,0.39138481962227056,0
657,54,25,4685,2508,20824,Bilbao,Retail,HighSchool,0.1479459383783025,0.8538040699633991,0
438,52,13,11179,3141,42418,Sevilla,Tech,Bachelor,0.043144331335165376,0.5734865113522682,1
3,48,14,8859,5327,18231,Madrid,Finance,PhD,0.9572130722067812,0.33659454511262676,1
465,54,17,8018,2319,49163,Bilbao,Finance,HighSchool,0.9396544213650222,0.03256264703329803,0
574,38,18,7923,2002,45849,Malaga,Health,Master,0.45328306769957194,0.030264132211843098,0
698,59,6,11197,6018,17915,Madrid,Retail,PhD,0.4271058902870055,0.34731648710110596,0
259,64,22,4225,3150,40152,Madrid,Retail,PhD,0.7962310644273127,0.10594455160608718,1
630,53,3,8641,1687,14166,Bilbao,Education,Bachelor,0.38733030388865675,0.13640461458072206,0
546,57,24,2219,849,21967,Bilbao,Manufacturing,Bachelor,0.16212409636988145,0.14460737391461997,0
737,46,25,6168,5801,49319,Malaga,Finance,HighSchool,0.73588928436006,0.9216998093582787,0
710,31,11,9286,6525,20196,Madrid,Manufacturing,HighSchool,0.8414729665178784,0.6622234344403544,0
24,51,18,8430,6206,47874,Bilbao,Manufacturing,PhD,0.15479682527406413,0.2967078254945642,0
695,59,1,6685,3594,37378,Sevilla,Health,HighSchool,0.6751112953268611,0.33596746248551745,0
784,29,9,2895,1288,40547,Bilbao,Retail,HighSchool,0.9572928068805067,0.5217537894054939,0
281,45,25,9496,5862,38139,Madrid,Manufacturing,HighSchool,0.6641438208318425,0.3582227293409872,0
536,52,8,9730,8180,46662,Malaga,Health,Bachelor,0.8521294324655851,0.4914455970663347,0
234,56,31,4515,4255,35529,Malaga,Tech,HighSchool,0.8390684935949547,0.07433041144302566,0
584,59,25,11743,5712,46646,Sevilla,Education,PhD,0.4351900484049229,0.21121607469385528,1
266,22,2,4871,2780,49304,Malaga,Tech,HighSchool,0.7995023568867097,0.5368890105706441,0
131,25,0,4849,2969,13843,Barcelona,Health,Master,0.7470141234297678,0.1756948018758423,0
748,62,34,4627,852,19720,Sevilla,Finance,PhD,0.42187922464174643,0.11645881955404191,1
132,46,26,5270,4598,36616,Malaga,Health,HighSchool,0.3970711742472973,0.7420413273744453,0
603,22,2,3100,2651,6809,Malaga,Education,Master,0.19307953144641044,0.023700472857037358,0
67,39,19,1666,1029,12521,Madrid,Finance,PhD,0.690609339446523,0.6459028997409523,0
180,58,2,1964,666,2979,Malaga,Retail,Master,0.6511299774855999,0.7669590009163111,0
579,42,22,3099,2323,11545,Valencia,Education,HighSchool,0.5964054150234414,0.8198657287576124,0
618,28,8,11514,3296,38734,Madrid,Tech,HighSchool,0.49714349653555,0.7991752223344782,0
699,26,6,9768,5413,28371,Malaga,Retail,Master,0.6249638759744854,0.45322860532671394,0
689,24,2,4397,2780,43215,Valencia,Manufacturing,Bachelor,0.715723189630214,0.48745492669948287,0
580,42,22,2507,685,14261,Barcelona,Retail,HighSchool,0.7570777173841398,0.6608813937695058,0
676,32,12,11542,4462,33089,Bilbao,Tech,HighSchool,0.8195865048329061,0.7632440329639935,0
199,39,18,3496,2848,44343,Bilbao,Education,PhD,0.8046158339565703,0.2904526519929356,0
566,31,6,9956,2674,13447,Malaga,Tech,PhD,0.38758821572123003,0.8648102024372285,0
175,45,25,10876,6544,30631,Bilbao,Finance,HighSchool,0.7169335985099499,0.4786651099152539,1
776,48,10,3864,2571,8331,Sevilla,Manufacturing,PhD,0.12938518798374976,0.704524684795629,0
513,31,8,5841,3507,38152,Barcelona,Finance,Master,0.3997982484777639,0.9178818033444678,0
583,30,10,2522,1256,35971,Madrid,Tech,Master,0.031184742117234765,0.43171550111637913,0
285,39,5,7405,2551,5401,Valencia,Manufacturing,Bachelor,0.7259883634704453,0.7552321570675361,0
114,43,15,3563,2812,13448,Madrid,Retail,Bachelor,0.5863830835815619,0.813052981121059,0
406,62,23,11140,9455,48395,Bilbao,Finance,Bachelor,0.29417772180449153,0.17742589848826318,0
654,58,9,10760,7743,22196,Malaga,Tech,PhD,0.9001744690543481,0.1394232934564973,0
201,39,19,5950,1624,7158,Bilbao,Manufacturing,Bachelor,0.5310414897327992,0.6379445734086376,0
8,57,14,6813,958,15010,Madrid,Health,PhD,0.26774087597570273,0.21098284358632646,1
215,25,5,9075,5549,47400,Madrid,Education,Master,0.5783112650590354,0.04528980272782879,0
621,45,25,4203,2296,15967,Bilbao,Tech,Bachelor,0.612441505313896,0.7776616376471047,1
724,47,13,7783,6303,27740,Malaga,Retail,Master,0.07305561822115936,0.5569999743905091,0
721,65,31,3441,1419,46764,Barcelona,Finance,Master,0.13019933127841787,0.8563377276555146,1
505,35,15,2810,2417,41872,Madrid,Health,PhD,0.05830002444716509,0.6169333254234167,0
788,31,11,5687,1234,10107,Valencia,Education,Bachelor,0.058913734663094686,0.961123334804853,0
38,41,14,5152,693,43255,Barcelona,Education,Master,0.2786030610230039,0.06942075466281994,0
372,55,33,7035,4052,45008,Barcelona,Health,PhD,0.3592508863666324,0.18842603389086943,1
506,55,2,2653,2208,19916,Madrid,Finance,HighSchool,0.10122512076178136,0.23101800331220812,0
240,46,24,10555,8298,3677,Malaga,Tech,Bachelor,0.08268612250580176,0.8453297945403281,0
792,23,3,10577,10103,44243,Madrid,Finance,Bachelor,0.3046128419655981,0.4067459214179385,0
736,46,5,8034,2590,11666,Barcelona,Education,HighSchool,0.02051203587908912,0.20822274061248214,0
311,49,8,5379,2889,17104,Valencia,Education,Master,0.07468743580247972,0.2027126262792337,0
641,45,25,11643,1169,23958,Valencia,Finance,HighSchool,0.13840580717661688,0.3349296766417674,0
629,42,14,3304,1835,14927,Madrid,Finance,PhD,0.22066275830216486,0.4709902598343212,1
93,63,9,9615,1106,8273,Bilbao,Retail,Master,0.44030620977067714,0.5259510868075614,0
197,33,13,10234,6108,35800,Valencia,Manufacturing,Master,0.24651913552736038,0.5580866508074042,0
367,31,8,4781,1903,26816,Bilbao,Education,Bachelor,0.7789411774338145,0.48758084574810745,0
727,43,23,3661,867,20795,Malaga,Retail,PhD,0.04416216148820962,0.12787149473436632,0
697,26,6,5007,2854,17377,Madrid,Health,PhD,0.9579410634335713,0.7177068430497264,0
288,28,8,7522,2951,8986,Sevilla,Finance,Bachelor,0.06841160752257902,0.563291214469632,0
777,55,7,4983,4230,31021,Madrid,Manufacturing,Bachelor,0.9518217527774427,0.6016002137386635,0
21,25,5,2493,1324,47724,Valencia,Tech,Bachelor,0.14018229709477448,0.18348803578723327,0
761,30,7,4807,4097,27246,Madrid,Finance,PhD,0.08523386169981673,0.37243635740279957,0
227,27,7,4620,711,17593,Sevilla,Manufacturing,HighSchool,0.76169641753721,0.7243052398521491,0
10,59,27,11060,7043,23723,Barcelona,Finance,PhD,0.09090941217379389,0.04711637542473457,1
456,57,22,7193,2765,14830,Bilbao,Finance,PhD,0.9297138408121203,0.5749067217458147,1
198,36,16,6235,2198,45235,Malaga,Education,Master,0.4798034232020614,0.5604875902362195,0
380,63,14,8983,5350,17309,Sevilla,Tech,HighSchool,0.8131784139178827,0.8741404491621592,0
474,40,20,6826,6014,33452,Sevilla,Manufacturing,PhD,0.8896324491382205,0.38107099841284575,0
128,32,12,6605,3157,37197,Bilbao,Tech,HighSchool,0.15557990340448835,0.7544358791249854,0
9,58,20,4983,4589,25928,Malaga,Education,Bachelor,0.5613681341631508,0.26274160852293527,0
714,48,21,8420,7682,6579,Barcelona,Manufacturing,Master,0.5063345139203014,0.35185634658389187,0
