horas_estudio,asistencia_pct,promedio_previo,horas_sueno,actividades_extra,nivel_estres,aprobado
7.6731,41.5006,56.5018,5.3393,0,7.0903,1
0.3576,53.1183,70.3213,4.1592,1,7.4442,0
5.0342,66.9525,56.6914,9.2158,1,7.2833,1
4.0391,45.5648,45.803,9.085,2,8.2642,1
6.4347,98.3869,62.7121,7.3122,2,6.1962,1
3.4727,44.7875,53.9675,4.606,2,5.0807,0
1.9518,61.3162,80.2105,8.2109,0,6.4822,1
4.5535,99.3714,78.4,7.3417,2,8.5857,1
2.7486,41.926,58.9272,5.6064,1,9.2182,1
5.9908,93.081,78.5711,4.8572,1,3.2196,1
3.1529,75.0752,93.8694,6.3964,1,9.9759,1
10.3332,49.1705,49.5989,8.0829,0,4.4629,1
5.6166,55.0848,73.1936,9.6546,0,7.1354,1
1.3386,66.0859,67.2234,9.7229,2,9.747,1
6.0922,46.3846,77.518,9.05,1,2.3756,1
6.3642,40.0343,59.4494,4.1169,2,8.9085,1
3.6902,43.4755,92.6806,9.6817,0,7.5872,1
1.5091,79.585,96.8109,4.9908,3,9.6793,0
9.0632,81.3921,82.7769,6.394,2,4.9429,1
4.057,75.2985,53.8069,5.3213,0,7.3706,1
0.8088,41.8848,59.8257,7.0849,2,7.0208,0
6.8525,68.3603,87.0772,8.845,1,1.8489,1
4.2516,64.6661,91.8302,4.325,0,1.5455,1
2.2991,72.1771,48.4109,5.1009,3,3.2483,0
5.3176,91.6809,73.0195,4.3035,0,9.721,1
5.8277,52.8248,64.0624,4.3518,3,1.0194,1
11.1182,87.1078,57.115,8.1795,3,2.3932,1
6.5063,84.8785,43.4299,7.5051,1,1.5119,1
10.2161,44.1113,44.0777,9.1709,3,2.079,1
7.4326,65.1535,75.0203,7.1367,2,2.8383,1
2.8642,63.7472,80.3014,5.8,2,9.3612,1
6.7559,45.9989,72.2581,7.0353,1,9.3993,1
10.5512,62.1716,49.4648,9.0025,2,6.5051,1
9.8052,57.9627,79.8033,9.6336,1,3.3802,1
8.909,49.3269,56.9054,5.2638,2,2.8324,1
10.864,90.7662,45.5379,6.5415,2,1.3968,1
1.5698,98.7879,49.6949,6.651,3,6.0482,1
1.7887,42.1617,62.153,7.3152,3,2.147,1
10.7878,87.7673,91.6422,9.3935,1,7.1386,1
10.4966,98.4302,84.9687,9.5546,1,8.7815,0
9.7293,92.885,41.4872,8.4194,2,8.0415,1
2.978,49.5519,82.0767,6.2953,0,8.7273,1
9.799,67.6182,58.3115,8.7721,1,3.0063,1
0.833,86.3996,61.0688,7.0564,2,9.4531,1
11.6448,50.7141,97.7521,5.5928,0,6.3691,1
11.8108,46.9387,93.9703,5.1405,0,7.3791,1
11.1069,72.3071,83.1658,8.4517,1,4.278,1
3.767,90.8809,83.1853,5.8019,2,7.002,1
8.3665,73.2647,51.5104,7.9896,3,7.0959,1
6.5752,40.0244,57.2148,6.5793,2,5.1849,1
2.5644,68.3912,94.0708,8.7761,1,6.9297,1
1.1206,97.12,54.0921,5.8625,1,2.3262,1
11.8072,76.6764,86.1094,6.7325,1,7.4651,1
8.2515,93.5596,91.6264,9.3128,3,2.9696,1
8.3509,67.873,73.4443,9.5048,0,5.1082,1
7.1454,97.0024,93.4856,7.6759,3,8.4751,1
10.7665,84.6193,68.4805,5.5551,1,8.5588,1
2.871,66.3924,82.8127,5.407,2,3.8774,1
1.6605,53.8757,81.637,8.2385,0,4.7338,1
9.9947,63.3686,86.1877,9.6764,0,8.7106,1
4.5646,40.3538,61.1055,8.5209,3,5.844,1
5.8588,56.3761,69.1385,6.3331,3,7.5176,1
11.0345,98.8433,72.0474,9.4416,0,1.7555,1
3.1219,59.6412,67.282,6.025,3,3.5043,1
5.0588,90.0947,68.2184,8.4941,0,9.9992,1
7.8211,85.254,96.9767,5.1962,0,6.592,1
5.6827,46.8634,96.8654,6.7902,2,7.9021,1
1.3744,89.1581,97.8832,4.6486,0,9.36,1
10.8963,62.5184,96.4882,5.19,1,1.9171,1
1.4527,99.0307,86.9581,6.0832,3,6.9537,1
7.7705,40.7591,65.2035,6.9412,3,9.6471,1
5.2258,84.0277,97.9284,5.6205,3,5.1839,1
7.1097,59.3383,54.7297,9.6077,2,8.9347,1
4.5479,41.722,91.0572,5.091,1,4.1934,1
3.3559,75.7693,92.8064,7.3347,1,1.7705,1
8.2873,78.7542,69.4493,8.7576,0,3.6481,1
2.9197,79.8376,62.1412,7.3208,2,4.8295,1
3.251,55.0842,47.2394,5.1555,0,7.6859,0
8.282,51.4925,84.3163,5.659,2,9.8246,1
3.6272,82.4811,47.595,4.2731,0,5.9802,1
1.5154,92.1077,69.4527,9.2363,2,5.2246,1
11.2928,68.6638,89.3269,6.4042,0,6.1932,1
1.8207,88.6685,96.9475,4.5111,1,2.0661,1
2.7082,71.3544,67.0309,6.6563,3,3.7484,1
7.3156,84.4054,96.8554,5.2467,1,3.3818,1
1.8784,64.5111,81.3623,6.8195,0,3.0833,1
8.4359,67.2419,81.2431,9.5435,1,4.8263,1
9.9196,44.2846,49.9554,5.8457,2,4.9524,1
3.6491,64.1505,56.3348,7.2399,3,1.724,1
3.0044,45.4796,97.7147,9.0158,0,9.9962,1
3.2341,42.4139,85.3761,6.823,3,9.2447,1
5.9007,45.4745,60.8777,5.9999,0,8.7196,1
8.3241,57.2931,96.7116,8.8814,0,5.0934,1
4.8501,70.8758,99.2872,7.946,3,4.7192,1
4.3414,85.3866,77.5245,8.5599,1,3.4035,1
5.8165,41.7322,77.8013,8.7959,1,3.7968,1
4.8959,53.482,90.4843,4.6808,0,6.8294,1
8.4649,64.9294,68.95,6.8333,3,5.9614,1
11.0624,70.4945,92.7596,9.1842,2,7.9541,1
3.2061,40.1539,83.5631,9.0249,3,8.7873,1
5.8121,59.9464,85.7724,6.2633,2,8.8264,1
10.2722,64.6465,59.0906,6.8379,3,4.4747,1
9.849,98.8491,69.7197,4.2221,2,8.8273,1
5.4831,83.3466,64.5987,7.9287,1,1.6735,1
3.1803,77.3956,63.849,4.4819,2,8.6711,1
8.6246,85.5641,92.343,4.2154,0,3.1129,1
3.4485,53.6492,45.4228,9.87,0,4.9931,1
9.5537,57.6021,62.4905,4.8734,3,6.0934,1
2.0398,44.7381,92.2504,7.7183,1,5.479,1
5.5148,80.0104,93.9345,6.7915,2,7.0985,1
5.3008,60.7339,75.2543,7.8336,3,7.2128,0
10.24,46.3992,62.8819,6.1538,2,9.9342,1
11.7353,79.4938,56.4688,7.3956,0,9.1956,1
9.3089,53.8071,88.1159,5.314,1,6.588,1
8.6511,79.5509,90.3002,7.7695,0,3.7804,1
1.0816,57.7066,84.8489,5.0538,1,8.0786,1
4.3903,70.1077,56.3516,4.9873,3,9.7065,1
5.62,44.518,85.2491,5.3537,3,9.7054,1
4.3893,87.4409,40.8351,7.2194,3,4.3173,1
7.6626,62.2884,80.4902,6.8289,2,9.2373,1
0.7586,89.4313,94.5633,5.8131,3,2.0501,1
1.3934,54.088,72.2528,6.3319,2,7.0344,1
11.3517,65.1476,84.5361,4.9271,3,6.8943,1
3.3569,81.4168,53.0362,6.6682,1,8.6991,1
8.2282,72.668,98.6706,6.152,3,3.4829,1
1.1001,52.7263,78.3696,9.8266,0,8.0812,1
1.5111,73.8747,44.1166,8.5909,1,6.2774,1
9.4637,75.7589,56.6365,9.9042,1,5.8619,1
1.3191,91.9869,47.9082,6.1495,1,6.2997,1
5.0515,46.819,43.8135,6.6897,2,5.6191,1
6.0461,96.7249,42.6019,8.6994,2,5.1224,1
4.8194,81.1658,69.4161,9.4582,0,9.0934,1
1.78,47.5715,77.459,7.5122,2,4.4281,1
5.1624,87.5858,46.8648,7.9283,1,4.8706,1
4.9658,89.6452,63.9238,8.3777,2,4.8409,1
11.0758,44.028,89.9063,4.5594,0,7.7013,1
1.5614,43.5989,97.3975,7.3701,0,4.6973,1
10.9901,43.0868,57.2578,5.8747,0,6.2013,1
7.8808,53.4547,46.4931,9.0722,2,2.034,1
6.7316,86.046,77.3034,8.0499,0,6.481,1
8.3217,41.7372,56.3962,8.5745,2,4.1592,1
0.835,84.4581,98.3086,4.5505,1,4.3857,1
1.8889,58.6982,59.463,9.6484,0,8.9501,1
0.979,66.5868,65.4409,7.6425,3,3.4585,1
1.3658,65.7948,56.9948,8.0709,3,5.7424,0
0.6574,52.2654,96.7194,8.6041,2,3.605,1
5.9686,65.8393,47.7511,7.1955,1,5.5024,1
10.3412,42.5381,41.1245,9.527,2,6.1818,1
8.514,65.0616,46.9104,4.1251,2,2.5469,1
4.3422,66.2027,46.3518,6.6141,3,5.7157,1
3.7233,60.3708,59.9841,5.0088,0,5.7754,1
11.4987,78.7266,48.8614,4.6168,2,2.7754,1
9.1226,79.3305,50.6288,8.6371,3,5.1756,1
10.5846,78.5795,99.1919,5.9392,2,2.3586,1
5.3065,58.1692,56.4804,4.337,0,3.7937,1
0.9208,91.855,91.3176,7.6901,3,5.1644,1
9.5018,93.7526,66.984,8.8589,1,3.8937,1
1.242,93.9476,60.6063,8.2859,1,1.3523,1
11.8918,71.4441,76.5883,6.1834,2,4.4867,1
7.5706,60.079,59.7814,7.3478,3,3.5573,1
7.8788,94.3806,92.3968,6.0002,1,9.2507,1
1.5474,82.53,45.0831,7.3535,2,8.3187,1
9.9475,84.3265,81.1249,7.1584,3,5.5764,1
4.1008,85.9694,51.5203,9.9999,1,1.6945,1
1.2137,86.2525,90.1072,9.3021,0,6.9574,1
1.851,50.8508,81.5707,7.7484,1,7.4906,1
4.3716,83.1751,98.1753,7.6636,3,3.106,1
10.8477,51.641,80.6984,7.4225,3,5.1551,1
4.5825,71.6476,97.9761,8.9013,1,8.857,1
11.2115,82.6841,70.9546,4.7481,0,7.8681,1
10.8637,48.8409,66.2484,9.6785,1,8.3503,1
4.7574,62.4377,63.17,4.4896,1,1.2537,0
10.0701,78.9976,87.4828,4.8256,2,9.2566,1
5.6293,76.9209,94.3514,4.114,1,8.5147,1
8.7268,71.6663,46.6712,5.7286,2,2.0966,1
0.7537,90.2013,69.9898,7.2163,1,7.4669,1
0.0188,61.169,74.2398,5.1239,0,5.7114,1
9.4369,70.4574,41.2201,9.24,0,6.721,1
3.0438,40.9745,87.3112,6.0688,0,7.9435,1
6.5522,88.8105,50.5053,8.6749,3,9.8274,1
2.1873,48.0912,82.9627,9.6616,0,3.641,1
11.2005,70.923,99.3474,7.2582,2,1.3296,1
3.4333,91.7283,42.8682,7.9344,2,2.1203,1
10.7356,63.1987,98.4234,6.9772,3,4.3061,1
3.2006,44.9567,65.47,6.5836,1,5.9093,1
3.678,76.1573,65.567,8.1386,2,5.0242,1
10.9393,76.8911,66.0964,7.8368,0,1.6754,1
8.1529,97.1674,48.5668,7.6454,3,1.3132,1
9.3422,61.9797,62.9713,7.4035,1,7.1116,1
6.8871,71.7676,63.882,7.8974,1,9.6447,1
2.2326,71.0647,94.8126,4.7066,2,7.3363,1
11.9835,52.0107,48.1437,4.4443,1,9.0881,1
1.0535,80.9158,90.7313,5.9175,2,7.3859,1
1.8901,82.5738,82.0132,5.0445,2,5.5788,1
2.4118,48.3326,87.4224,4.1577,2,5.2067,1
0.789,63.8896,83.016,6.872,3,7.9225,1
0.885,98.3428,78.5403,6.6998,2,2.155,1
9.2134,47.742,70.1718,9.2093,0,5.6629,1
1.9436,96.0843,53.5282,9.6849,2,8.6134,1
1.502,58.1695,72.0087,7.0154,1,6.3263,1
2.0544,77.4688,94.1201,6.0257,0,8.4271,1
6.9213,79.0678,86.0175,6.4995,0,5.4823,1
3.4761,97.399,68.9767,8.8281,3,3.6769,1
5.811,52.2414,76.3996,5.8755,2,7.6078,1
11.7045,47.846,62.2324,7.3699,2,3.1756,1
0.6073,96.7231,91.8498,6.5088,1,8.3213,1
8.6535,51.39,49.5605,9.9758,3,5.4888,1
6.0653,98.0012,52.9087,6.1174,0,3.5322,1
10.1142,80.3512,57.1449,4.0491,0,4.8783,1
4.3912,64.0349,74.2169,5.1679,2,1.6618,1
9.1728,56.7832,99.3454,8.0824,0,2.158,1
6.694,61.9364,48.656,7.6148,3,5.5007,1
1.6444,59.9824,68.4246,6.7419,1,3.9517,0
8.8718,57.9541,60.1824,8.9697,3,7.3787,1
9.789,62.1015,80.4284,9.8794,2,8.1708,1
5.6951,98.0242,86.9742,8.657,1,7.4926,1
2.0461,77.7415,77.1841,9.047,1,8.395,1
2.2894,66.4623,65.1268,6.4778,1,4.6934,1
11.0463,92.3691,84.1502,4.3737,1,5.6681,1
4.5219,97.4011,67.5798,7.1988,2,7.0828,1
8.169,88.2192,55.8617,6.9051,1,3.5111,0
9.2541,82.2941,81.4144,6.934,3,4.1392,1
9.5449,56.4075,47.3124,8.0597,3,9.0618,1
1.7577,42.524,97.3188,4.4742,3,6.9037,1
2.5678,89.6771,56.268,7.3721,2,2.2355,1
8.038,71.8625,78.2767,4.3149,3,3.9726,1
8.1743,48.248,97.8711,9.8675,1,4.6622,1
2.3935,97.8348,59.2701,7.8754,0,6.8707,1
8.8642,91.02,42.2379,9.5288,3,8.9402,1
4.7639,69.723,96.1965,9.7728,2,8.8907,1
6.8155,46.438,98.9796,5.7074,3,9.0033,1
9.7058,59.841,83.8672,7.8897,1,1.1268,1
3.5403,80.4641,51.5897,7.6657,3,8.4429,1
2.2174,48.4367,59.4161,5.4883,2,4.4522,1
3.2039,59.7775,74.9476,7.4373,2,6.8832,1
3.6817,64.325,70.1512,9.3707,2,7.2126,1
11.2876,62.0526,53.251,9.7442,3,2.3787,1
6.5908,68.2497,72.2511,7.9846,1,7.8567,1
7.1498,87.2422,71.5304,7.169,2,1.7029,1
6.0658,74.3621,48.9911,5.9687,3,2.0462,1
6.9978,45.4565,70.6225,8.8522,3,2.1875,1
8.0732,58.4902,41.3062,5.5267,0,7.7122,1
0.5435,60.6717,43.8256,9.9647,0,9.8752,1
1.6251,78.4915,83.7574,9.7827,2,9.9357,1
10.4354,94.406,62.5387,8.0964,1,6.8818,1
6.3461,83.6715,53.3614,4.0208,0,9.8064,1
8.6291,65.4477,62.7566,5.378,3,4.1154,1
1.3541,88.5687,65.1544,8.5963,0,3.166,1
7.1273,66.7865,80.3214,9.2333,1,7.6649,1
10.3648,43.3866,70.2338,5.7356,2,6.1973,1
9.8206,54.2142,92.5755,9.9142,1,4.722,1
8.8225,50.508,80.725,7.3351,0,9.7506,1
8.0561,87.1483,59.1241,6.4979,1,3.699,1
2.7041,91.4525,48.6611,6.7782,0,6.0615,1
6.6874,48.0456,54.5715,5.22,0,9.3,1
2.2858,56.1077,80.4203,7.6175,0,2.6935,1
8.6917,73.531,68.7637,9.2168,2,3.7287,1
8.8977,84.8128,85.2598,9.4866,1,4.5697,1
3.8594,56.9836,67.975,7.8923,2,3.3541,1
11.7758,68.1694,90.3839,9.486,2,3.8163,1
10.369,84.4751,40.9732,7.3199,3,3.6567,1
2.9488,73.0386,96.6079,6.0254,3,9.6986,1
5.8871,50.094,87.6985,5.0156,3,2.6564,1
6.2873,90.3441,44.4598,8.908,0,7.879,1
10.1105,53.886,82.4302,4.0548,3,4.3588,1
5.7984,69.2713,40.3967,7.3099,0,1.1505,1
6.4289,57.2013,70.133,8.1872,3,8.2555,1
1.7868,51.5159,71.5874,8.8913,2,8.1544,1
11.5116,67.5399,54.5925,8.1834,2,7.1564,1
9.115,45.61,62.7558,7.3162,0,6.7307,1
0.9922,90.7198,78.6944,5.9876,0,9.0531,1
8.3075,74.007,56.2657,9.545,2,9.0938,1
0.3948,95.726,58.8691,9.7688,1,7.7703,1
1.9494,54.4283,90.079,6.3349,2,4.4546,1
9.486,81.3586,44.7057,8.4727,2,1.4833,1
9.2281,97.2915,63.8022,8.6413,0,6.7071,1
5.4066,53.6883,73.1823,6.2526,1,7.1173,1
9.5767,82.7865,44.9223,4.9253,1,7.6569,1
1.2786,40.3117,58.496,6.1595,2,1.9201,1
6.1493,46.1976,45.3771,7.3253,2,8.7735,1
4.9657,86.7501,83.4906,7.3572,1,6.1476,1
3.6136,69.5874,43.796,6.6081,3,3.6978,1
4.3335,96.6533,83.254,6.9748,1,5.1208,1
10.0994,62.7934,91.7319,6.6413,3,8.3393,1
11.6907,48.1675,59.2399,9.6837,1,5.3111,1
8.8185,77.9741,98.0658,8.6918,2,4.3845,1
4.7152,46.8333,73.831,7.5534,1,7.1354,1
8.5004,66.3073,57.4799,8.157,3,7.0568,1
3.634,55.1609,49.2486,6.5388,3,1.6657,1
6.0794,95.2235,81.5025,7.2619,2,7.3147,1
7.1258,94.8641,46.5622,5.4894,2,2.497,1
7.7609,98.0087,59.8958,8.7774,0,1.0949,1
6.1281,71.1279,74.8311,7.4514,3,4.3671,1
1.8089,99.8622,68.9663,5.7726,0,2.0446,1
1.7001,58.7134,67.32,5.2412,3,4.1347,1
0.8061,42.681,82.6467,4.1355,2,6.8317,1
1.9722,99.034,54.6348,5.0467,1,3.9789,1
7.5571,51.1832,79.4385,6.3735,1,5.0462,1
0.0534,52.8878,56.7007,8.2226,0,6.1961,1
2.3649,46.8373,80.2421,6.9369,2,6.3727,1
7.0441,60.8755,90.7311,7.7042,2,9.2681,1
2.8629,47.0169,62.3984,4.8482,3,4.7642,1
4.6045,51.1452,78.1301,8.1606,1,5.9942,1
5.412,43.2167,61.5424,4.0575,1,2.7562,1
6.739,79.1842,64.5481,6.9504,3,5.3983,1
3.5051,56.4912,72.2565,5.0093,3,6.0909,1
5.9438,70.6484,74.3628,5.6073,2,5.8784,1
2.6225,65.5093,84.1593,7.922,1,3.6794,0
5.3968,60.9146,89.0037,6.6344,0,7.9807,1
4.2076,82.6452,77.9662,4.9959,1,8.0636,1
9.6653,74.2045,71.9368,7.5811,1,3.9129,1
10.2962,99.1293,80.758,4.5714,3,9.2689,0
10.4046,47.6133,91.9647,5.4981,2,8.4563,1
6.9291,56.123,64.8535,6.712,0,4.6257,1
8.3364,92.639,67.2817,6.9283,0,8.8202,1
7.6181,81.8373,91.0064,8.7741,3,2.9605,1
2.5422,56.1122,89.7006,6.0265,1,6.0953,1
0.5809,45.9745,87.0334,6.7575,0,9.3649,1
5.4782,99.5103,65.668,9.9742,1,8.9393,1
1.1201,61.6261,44.9452,7.9871,1,1.4661,1
8.7119,85.3139,65.7539,4.5472,0,1.0098,1
8.1598,40.5572,81.7358,8.9027,3,7.2463,1
2.7474,45.3599,88.3574,4.6192,2,8.9289,1
1.5978,99.5764,48.5712,7.183,0,6.4929,1
4.2143,52.7833,84.8961,9.5194,3,8.7397,1
7.0749,63.0419,97.7949,5.887,1,3.2301,1
2.978,76.0599,83.2708,5.7095,0,8.631,1
6.1143,84.8706,57.7325,4.3274,1,5.454,1
5.995,75.6358,71.6972,9.8662,2,9.4053,1
4.3849,80.9765,85.7636,9.7267,0,1.1502,1
3.1462,42.3896,43.6281,8.7357,2,6.6571,1
0.9891,72.1939,76.9628,5.6648,2,1.7112,1
11.6918,49.3226,59.605,7.5186,0,3.7915,1
2.9338,95.4777,46.9592,7.6738,0,3.7836,1
8.8879,47.1666,82.474,8.209,1,5.4677,1
3.111,62.3122,84.9866,9.2408,0,7.9429,1
9.6853,56.3188,43.8323,8.2739,0,5.4653,1
2.0026,49.4386,86.3997,9.3656,0,3.0556,1
0.5285,91.7757,54.6731,6.8306,3,9.282,1
9.6374,82.8412,79.3422,5.3471,1,4.7463,1
3.2551,44.6732,62.3685,7.0122,0,2.6141,0
0.8271,67.9057,56.9384,9.0691,2,1.7775,1
4.427,57.4957,87.0704,8.4375,1,5.1753,1
2.3451,94.0266,85.6289,5.4708,0,9.3916,1
6.4985,78.1565,81.6076,4.0576,2,1.0132,1
1.2474,71.7889,54.2901,6.9522,0,9.753,1
3.3579,42.634,53.8884,9.073,3,7.3076,1
1.1469,48.0108,89.1978,4.449,0,4.9148,1
2.8413,55.6595,58.9005,8.8049,2,3.8625,1
9.3592,75.0825,49.3246,4.9862,3,3.8263,1
4.2994,86.2202,67.115,6.7801,0,1.8138,1
7.2396,52.9012,91.3944,4.8899,1,9.7156,1
0.5874,57.9304,89.2054,5.0432,3,8.6914,1
1.2229,87.6286,47.2872,4.37,1,2.1764,1
4.4669,77.8179,78.6811,7.4939,2,9.2569,1
7.7518,88.5579,45.5187,9.0837,2,2.1027,1
0.6077,95.4479,65.9894,8.3466,3,1.2653,1
2.2458,56.7913,93.0054,4.2079,1,6.8255,1
10.5933,68.7419,45.2633,6.2981,3,2.7951,1
9.626,87.6908,99.3642,8.6915,2,5.3172,1
4.1284,73.9391,59.2963,5.6226,0,3.8699,1
0.7031,99.4919,71.7659,8.6011,1,9.7658,1
7.8824,55.9916,88.9771,9.5036,0,7.8764,1
4.6611,96.1124,99.4925,5.0423,1,6.3327,1
8.3715,94.8388,41.6924,8.2034,1,6.068,1
5.9067,58.5432,69.4262,4.5415,1,6.415,1
5.7359,59.904,76.8481,8.8387,2,7.4524,1
0.263,75.1966,95.0334,8.6462,2,9.645,1
11.3031,63.7357,46.0619,5.8106,1,9.7827,1
5.8464,59.037,82.431,7.3719,2,3.0091,1
2.1042,58.4094,81.3099,4.7641,0,9.5391,0
11.5822,41.943,76.1433,9.5262,1,6.7568,1
5.9542,59.8701,44.6684,6.0809,2,2.511,1
7.6692,93.1992,66.7978,5.5913,1,7.2386,1
9.4442,83.2248,42.8888,6.6293,3,9.7219,1
6.5523,46.0857,68.7694,9.1843,1,2.4639,1
10.1491,57.6945,59.123,9.71,0,4.0763,1
11.302,98.6825,60.277,9.9117,3,7.3405,1
7.8436,76.4391,66.052,4.3213,2,2.85,1
8.7597,55.9159,56.8914,5.4253,0,4.5361,1
5.8914,43.2703,40.2289,4.5258,3,2.7971,1
0.9832,90.6261,58.5012,6.3848,3,9.0539,1
7.7024,63.2516,62.2612,6.2887,1,5.012,1
3.2227,43.6984,85.1341,8.0048,0,7.0133,1
4.9678,85.3874,53.6508,4.3659,3,8.3656,1
5.6979,92.8992,68.5757,4.4737,0,5.5189,1
9.6054,80.6521,77.2164,4.7217,3,2.5559,1
1.5142,65.4025,99.2968,6.6124,1,8.507,1
10.9297,94.8504,44.0207,6.3286,3,5.9685,1
0.1484,82.0247,75.2546,8.6901,0,4.73,1
7.0552,85.5026,96.379,9.5496,0,8.0717,1
3.1696,79.2873,74.3214,6.8383,1,3.4787,1
7.3039,81.6197,42.327,9.3374,2,7.2146,1
4.4693,60.272,87.6191,5.8657,3,8.7241,1
11.67,53.6774,58.0288,8.4623,2,3.4248,1
2.5367,89.4382,84.4567,8.557,2,8.3892,1
1.9077,58.6674,70.4077,4.8139,0,2.5636,1
0.3969,43.0336,61.6225,5.1947,2,8.4116,0
7.6249,47.4324,41.8338,6.2348,3,2.5983,1
1.9622,93.6695,84.9377,8.1331,2,1.2471,1
10.2459,86.7898,52.8591,5.3281,1,7.0993,1
9.3636,86.0544,40.5339,9.4691,1,6.4103,1
3.0287,88.3051,58.3276,9.8021,2,4.8143,1
5.6004,80.6318,89.4586,6.3829,0,1.0661,1
11.5978,90.3627,73.6874,7.5626,2,3.6863,1
7.6871,91.6895,55.6688,8.2666,2,2.6952,1
2.8836,43.4065,91.4389,8.8602,3,6.9448,1
11.9696,55.5656,65.1139,6.3296,0,6.2472,0
9.7922,60.59,82.8022,8.1179,3,9.1587,1
10.0877,92.5897,50.8682,4.5856,1,7.6683,1
6.7084,94.7575,96.8154,9.3975,0,3.0003,1
10.6421,62.3009,75.1342,6.7826,0,5.2348,1
7.0029,96.6581,44.2729,9.3366,0,8.8075,1
10.2509,48.2419,52.0178,6.4552,3,2.289,1
2.1643,44.8487,59.9578,9.9198,2,6.7105,1
2.0233,85.869,69.3746,8.5814,0,2.1647,1
5.1529,65.7415,68.644,4.028,1,7.5759,1
6.3724,41.075,40.2474,8.4016,1,7.2417,1
1.5472,63.013,75.3202,5.0021,0,3.6838,1
4.054,93.2784,99.7283,6.0564,3,4.2333,1
11.377,95.0923,64.2035,5.3705,1,2.9007,1
8.5333,87.5276,62.5115,7.8419,0,6.3453,1
1.2974,90.1672,42.8941,4.6947,3,4.4223,1
8.3423,77.8187,58.067,7.97,2,6.6052,1
5.0259,93.9173,70.6951,7.7062,2,2.0261,1
3.1559,71.3888,52.1004,8.2206,2,2.4434,1
10.9243,81.2922,68.8398,5.407,0,7.0447,1
1.7897,45.405,70.7023,8.3414,0,9.143,1
5.481,98.6375,55.8475,4.3005,1,8.8673,1
5.1119,46.9541,91.0748,9.3418,0,8.668,1
2.0461,61.4516,66.2629,7.7308,0,4.3536,1
5.4785,90.1425,81.3941,6.8695,3,6.8396,1
1.3567,81.7702,43.5188,9.6548,1,1.9334,1
5.258,76.6794,86.7499,7.6682,1,5.3477,1
10.6511,66.4413,43.8002,7.9298,0,7.3411,1
6.7801,98.6737,80.1907,6.0298,0,4.8956,1
5.7832,79.8226,78.4843,4.8919,0,1.1048,1
5.95,49.9242,85.0858,5.9238,2,9.7313,1
2.6725,78.599,64.1966,5.41,3,4.9977,1
3.7927,98.8402,84.7143,4.1066,3,4.711,1
0.002,45.4537,76.2522,7.7144,2,9.011,1
4.0903,89.5187,88.9953,9.0659,2,6.0414,1
5.6776,79.43,82.9548,4.6841,1,1.0198,1
6.5723,62.4334,46.3793,9.3813,3,2.264,1
8.6587,46.4177,76.6511,5.1253,3,2.9403,1
9.0858,42.79,77.9944,8.0329,0,7.9493,1
7.9015,97.3714,48.0782,6.993,0,5.979,1
9.373,94.6109,81.5091,5.0419,1,1.932,1
7.2739,59.3106,92.8834,6.512,1,3.4624,1
1.6005,64.7647,82.0009,8.4906,2,8.5877,1
3.7669,84.2091,73.2149,5.3041,1,6.6175,1
11.776,79.0052,97.4996,7.0234,2,7.3932,1
6.7474,74.9684,96.5604,8.2607,2,8.8973,1
4.5704,43.1839,43.3963,5.6019,1,9.8518,0
1.7571,43.722,87.0614,5.224,0,4.2281,1
6.7426,53.4584,78.8272,6.3333,2,7.2364,1
4.579,64.994,87.2867,8.1109,0,1.1167,1
10.4414,89.799,94.6892,8.2278,2,7.796,1
7.2406,86.5688,97.8574,5.7651,1,9.8511,1
1.4322,42.4381,56.7467,5.5854,1,6.2559,1
3.9668,82.5814,49.2883,4.9222,2,6.3719,1
3.6139,87.3945,73.0096,4.4373,2,5.7286,0
6.2473,87.1755,49.5622,7.2585,3,1.8275,1
4.3296,53.1067,85.1593,7.183,0,2.0325,1
2.8842,78.5359,95.1164,5.463,0,7.143,0
4.6305,72.4142,56.9697,9.468,2,5.6288,1
5.8417,57.786,79.0917,5.9219,0,9.5339,1
0.088,43.9283,80.2201,8.6415,3,8.521,1
9.945,92.7182,84.4825,6.6114,0,7.722,1
1.0503,43.2561,87.6529,7.3485,1,9.1989,1
5.4135,64.2669,58.9843,6.337,0,5.8135,1
7.0273,82.0529,44.3554,9.5683,0,3.6085,1
7.2788,56.891,95.6015,6.2885,0,5.2659,1
9.5698,72.7435,97.6081,4.8645,2,9.6165,1
10.4972,48.4824,42.5064,7.4363,3,5.8344,1
10.8426,60.6311,64.7593,7.8756,1,2.4486,1
10.017,51.6596,50.8815,8.798,0,8.6625,1
6.596,57.4392,44.0418,4.5892,3,9.5639,1
8.0555,54.072,57.1082,4.4189,1,3.8601,1
7.01,73.9331,61.8696,5.898,3,2.5178,1
9.4279,82.7319,78.4503,5.6601,2,2.2088,1
4.3049,58.3283,73.1003,5.0546,0,8.5761,0
1.68,72.3171,55.7941,9.318,0,7.5468,1
9.7517,74.734,86.152,5.2766,0,5.9643,1
11.9847,68.3262,86.5118,6.1949,1,9.0229,1
6.0135,45.4332,61.8319,4.0636,1,8.6318,1
7.3684,49.9506,70.8482,6.6773,1,6.0972,1
8.7841,96.3505,42.4252,8.5688,1,1.5658,1
0.5137,52.4064,94.4636,6.1675,3,9.2611,1
1.2387,98.1065,78.014,5.641,2,6.2077,1
4.5199,62.7111,75.2607,9.3894,0,5.65,1
4.2348,92.0632,69.2117,6.8927,0,5.5165,1
1.9873,44.6253,78.6086,5.2691,1,2.4162,1
4.9754,59.8135,46.8003,8.0514,3,2.8963,1
10.0004,41.3468,42.5887,7.4409,1,2.2125,1
1.9961,95.3468,70.9984,6.4327,0,8.9066,1
9.8556,96.8352,52.9956,7.6392,3,8.8057,1
9.5354,89.2272,50.913,7.9579,2,2.5095,1
11.0682,75.792,44.1306,6.2693,1,1.9771,1
5.0375,48.9737,45.7779,6.8552,0,8.8998,1
9.0286,45.5914,79.5636,9.4119,0,9.0727,1
4.4445,42.6063,71.789,5.3769,3,8.106,1
7.0686,84.4836,85.6924,8.1802,0,4.8294,1
1.0058,75.8975,72.6239,5.5468,0,7.3823,1
6.9358,47.0697,40.4316,7.9273,2,4.6796,1
3.1356,72.1663,73.8802,7.6713,3,7.7947,1
9.4055,68.9481,62.2128,7.3295,2,9.8966,1
1.6568,91.8298,47.1451,5.3786,1,1.9025,1
9.433,88.0512,76.8415,8.1074,0,2.4466,1
1.7439,95.5517,66.1226,4.3845,1,4.3375,1
8.6939,95.8411,64.0387,7.9371,2,7.4045,1
7.6835,66.3383,52.1024,7.9413,2,2.7527,1
6.1266,81.907,76.9114,8.0441,2,3.1533,1
9.3561,61.1877,63.7086,7.5165,0,7.6323,1
1.082,57.0696,89.7859,9.4901,2,4.1273,1
5.4571,64.2374,40.2791,5.0502,0,6.0277,1
4.0796,47.0205,70.7972,5.5462,2,7.2477,1
9.0897,97.6743,67.5309,6.7643,0,5.3377,1
4.5921,87.3194,53.2229,8.2071,2,4.7118,1
3.1602,57.2374,63.9358,8.4927,2,1.6843,1
5.7187,61.2123,93.659,5.6145,1,5.491,1
2.4813,52.166,54.9817,7.7116,1,8.0104,1
0.9419,97.3468,69.5599,4.0397,0,8.6321,0
10.5718,74.4712,56.484,5.0972,2,4.5809,1
1.539,71.5441,65.3906,9.6379,0,5.5223,1
11.7181,81.8947,67.6042,8.1353,0,7.0669,1
1.209,61.6961,91.7105,5.1229,2,3.1343,1
5.9852,52.6319,82.0428,6.2339,3,3.5167,1
1.5737,74.5536,53.714,4.5992,2,8.2368,1
9.6004,84.3125,68.3792,4.0585,3,5.4964,0
10.1927,71.0204,83.2336,8.712,2,3.2588,1
1.9601,52.928,55.2574,9.0338,0,5.0487,1
4.3315,73.621,95.9107,5.5463,0,4.7058,1
6.9222,78.9919,72.3063,9.8762,2,4.196,1
5.8499,84.1916,93.3779,6.2864,2,5.1738,1
11.1428,65.309,76.7386,6.4286,0,1.712,1
3.7618,79.1808,82.626,7.6323,3,3.4412,1
7.043,97.9316,64.8393,5.1033,0,2.1254,1
3.0198,84.6325,84.9844,5.2634,3,1.9271,1
0.3164,63.8208,85.8998,4.4995,2,6.5629,1
11.1791,63.3908,53.7614,8.4256,3,6.6383,1
7.9626,91.6221,59.5121,6.8569,2,5.9369,1
11.3818,72.3573,75.4499,6.7393,3,5.7111,1
6.476,88.2825,66.5116,6.1947,2,2.4015,1
6.2798,85.4976,48.178,5.7206,0,7.1899,1
9.1904,87.8779,75.8202,8.7806,2,2.6971,1
5.2453,54.9938,82.8963,7.8759,3,2.9853,1
9.5995,76.793,81.6355,5.6312,2,4.7161,1
2.1889,57.3757,78.2136,7.7064,2,7.3043,1
11.6366,41.3279,98.34,5.6927,1,7.4368,1
2.7937,49.041,69.6148,6.0515,2,8.0715,1
0.3808,44.8134,85.0342,4.8765,2,7.9809,1
5.6418,51.5315,90.4924,8.9035,0,2.0977,1
5.3155,84.2571,42.0106,6.765,0,5.6903,0
5.6739,80.8865,58.7266,5.9384,0,7.7025,1
3.5858,61.6256,43.1253,8.0002,0,3.1237,1
0.1808,87.6634,75.0818,6.3748,1,1.0804,1
7.1545,62.2839,45.3688,4.9462,0,7.1735,1
11.6358,85.5736,43.6031,6.1331,1,7.312,1
11.7801,87.3137,85.4019,8.8332,3,7.5987,1
4.5332,83.4639,55.0418,4.2369,3,6.0312,1
6.5234,59.4209,68.1037,9.206,1,1.6199,1
3.5481,55.801,62.0268,4.0043,3,7.6029,1
7.4424,59.2416,43.8005,9.803,3,2.7088,1
9.1888,49.2479,56.9877,6.4588,2,1.9942,1
1.5573,92.4096,52.1247,6.9122,0,1.2864,1
4.6632,69.3946,77.4382,7.5418,0,4.2972,1
2.5049,69.4843,93.386,4.4797,0,4.2483,1
10.6852,89.3216,87.655,4.3498,2,5.7612,1
2.5908,71.1691,46.0735,5.3861,3,2.7051,1
2.9852,77.5195,50.7339,8.4952,3,7.715,1
8.4306,65.6245,46.2461,8.7548,3,5.5422,1
6.4068,75.9949,96.0112,9.4149,2,8.6037,1
3.8814,54.4434,72.7376,6.2504,2,4.2401,1
11.5179,40.0117,42.0798,5.7069,0,5.6585,1
2.6626,91.3432,41.3021,8.9316,2,9.272,1
6.848,74.2967,45.6572,6.7622,1,2.2457,1
9.7329,45.5143,63.9879,9.5073,0,7.5122,1
2.0748,89.5423,81.3757,7.4574,0,6.3571,1
0.9417,43.3554,86.2541,6.0876,3,4.7487,1
10.4374,53.6031,79.1668,7.6138,0,6.705,1
3.8318,73.8948,59.6099,8.1866,1,1.4547,1
4.7146,66.737,75.7079,7.0284,1,4.8874,1
5.7103,84.7189,72.8891,5.5753,3,5.5164,1
1.5645,48.0922,73.5578,6.9272,1,6.0505,1
3.1951,65.8039,81.0843,7.4561,0,7.0457,1
4.1797,59.2443,75.6326,4.1452,2,2.5233,1
7.4782,66.4278,95.4528,5.4009,2,2.4039,1
1.0298,84.3749,54.5829,7.726,1,8.8188,1
1.3353,67.0037,41.3649,5.2541,1,2.8342,1
3.1039,68.9816,83.7954,4.8481,0,4.3895,1
0.7213,52.0418,81.7916,5.6277,3,6.8928,1
4.6637,56.2786,91.125,7.9606,0,1.1717,1
4.5684,98.5967,45.9762,5.8927,0,2.6778,1
5.4958,95.581,41.2893,5.4844,2,4.0021,1
4.223,77.5139,54.1723,9.8695,2,8.307,1
10.5441,93.4241,88.8915,4.1768,2,3.0302,1
8.7587,71.2431,80.6797,9.2362,1,4.756,1
5.1176,58.743,76.3221,6.695,1,2.8608,1
10.3511,58.5399,82.3082,7.1428,1,4.8706,1
9.2406,79.3739,73.8907,4.9483,0,6.0161,1
10.5557,83.6248,85.9261,9.2808,3,9.6508,1
8.9473,89.3019,78.2108,8.43,1,8.012,1
7.3438,56.0118,74.0226,5.3855,1,3.0782,1
0.9537,86.7896,48.0452,9.0768,3,7.4082,1
1.6502,51.5956,41.9338,8.5872,0,9.3289,0
2.6707,80.2803,52.17,5.2274,1,9.3439,1
3.8987,67.4527,54.807,6.4292,0,6.4714,1
8.6424,63.649,96.3483,7.4316,0,5.6858,1
11.95,71.1222,63.7367,8.411,3,5.6451,1
0.5915,57.4708,63.8824,5.8273,2,5.1521,1
6.2036,48.5344,89.7936,6.7102,0,2.6179,1
10.7319,72.7844,63.584,5.9408,0,2.6099,1
5.4562,55.0049,81.503,9.443,1,7.4654,1
1.37,66.9639,61.7766,7.1429,3,7.5419,1
6.6042,42.6344,50.2531,6.0112,1,2.4591,1
9.2299,43.0786,58.4837,8.381,3,3.599,1
0.0424,85.9237,40.7325,6.9858,3,5.8915,1
10.5924,54.2727,75.3317,6.8543,3,4.9769,1
3.3374,77.7181,89.2073,5.2458,1,2.3343,1
0.4407,91.2298,80.0198,9.0281,2,3.98,1
1.936,57.0628,79.6555,8.1991,1,9.6966,1
4.3223,42.1504,86.1107,5.9369,3,8.3824,1
5.6498,47.3214,91.5645,5.9753,3,5.7218,1
7.3446,46.5581,83.7837,7.7739,0,5.353,0
3.4462,76.5307,58.9893,7.1523,2,9.3439,1
5.9568,83.7511,69.8645,8.8479,1,7.3773,1
7.5055,47.0755,90.8842,8.7974,3,4.7264,1
6.725,78.2502,40.6778,5.2071,2,3.2898,1
9.2044,46.8302,59.997,6.3763,0,8.4884,1
10.0059,95.3368,68.7465,6.847,0,6.8109,1
6.4436,60.1066,87.0393,6.4837,0,8.516,1
8.6996,58.9302,72.1531,5.2496,2,8.1958,1
3.3655,41.8704,99.0171,7.7591,1,6.1388,1
7.1423,91.8756,85.0924,8.2316,2,7.3886,1
4.459,89.7674,58.1577,7.1506,1,2.0101,1
9.3335,94.8012,66.6264,4.1496,3,9.1446,1
10.4865,58.6215,59.6403,8.6169,0,8.3992,1
8.1206,47.963,83.4742,6.7562,0,1.037,1
1.0449,68.0126,42.7684,7.1235,2,1.2023,1
7.6662,52.5907,52.0333,5.7194,2,7.9551,1
1.3735,97.4979,73.5775,4.6143,2,5.9443,1
11.3193,88.2402,74.445,5.0276,2,6.5194,1
5.6488,80.5298,46.3556,4.3228,3,4.5273,1
10.6953,77.7682,81.4075,6.675,2,3.812,1
6.4018,98.4209,85.3446,6.7942,1,1.8362,1
8.3832,45.8358,58.6235,7.8665,3,5.2349,1
3.0966,61.807,51.0012,9.5036,2,8.099,1
5.4394,41.8158,68.5201,6.1086,3,8.6119,1
6.0954,64.3412,82.8564,4.6419,0,8.1319,1
4.8098,64.8065,77.2525,7.2877,3,4.4543,1
9.4118,66.1212,87.2396,7.2672,1,2.5578,1
8.8724,82.7145,90.2049,4.6859,3,3.9284,1
4.8695,75.8956,81.1305,7.5784,3,3.9467,1
0.7378,53.0567,48.335,7.4846,0,7.8137,1
7.3869,66.8296,52.3397,9.2646,2,6.1325,1
3.6546,96.6,66.0836,9.8955,2,9.9126,1
10.1716,91.1503,43.7446,9.4065,0,1.0076,1
11.7444,46.5819,56.9326,4.1871,3,7.32,1
4.5788,72.7071,79.7493,6.8492,1,5.9988,1
4.3235,65.0341,57.3083,9.2364,1,2.2085,1
5.8404,66.2041,99.4131,4.508,3,8.7414,1
8.3447,95.8187,77.3949,6.7264,3,5.9685,1
7.2549,74.6763,90.8082,5.4205,2,4.6975,1
4.4036,98.694,74.089,8.2293,0,6.2224,1
6.3169,91.561,85.0349,5.6765,0,5.7102,1
2.9428,77.8398,79.8242,8.0123,2,6.5174,1
5.4484,94.3633,74.4379,5.9891,2,9.6452,1
3.4705,42.1196,95.3719,8.4966,2,1.5528,1
11.8844,88.5337,77.459,5.7209,0,2.1414,1
9.4052,55.1231,76.9479,5.6513,2,1.1278,1
1.8136,66.7992,88.4704,5.5675,1,5.3643,1
10.3442,60.5709,45.0641,4.8704,1,8.5385,1
7.928,83.5599,50.037,7.4665,2,1.4889,1
9.8344,43.1514,67.8409,6.8574,3,7.7154,1
8.4673,68.4754,48.709,9.2217,0,3.5991,1
4.584,58.9413,71.8152,9.7352,0,9.2594,1
11.0165,91.5013,60.098,5.6025,0,3.2981,1
5.5333,80.5175,54.5078,8.0313,1,5.6796,1
0.1269,40.5086,44.0771,6.4675,0,7.1695,0
8.703,55.1138,42.0425,7.7164,0,9.4465,0
7.657,82.4845,47.1986,9.1386,1,4.3836,1
7.7749,88.192,51.0861,4.6651,1,3.28,1
11.0723,56.583,65.619,9.4203,2,3.316,1
3.3274,43.7432,63.3154,9.9758,2,9.6005,1
11.143,76.6181,50.7065,6.9523,1,5.8657,1
7.3676,46.375,66.4949,5.554,0,1.6563,1
10.7581,48.9313,78.4201,9.5974,3,3.3979,1
10.8554,74.4784,70.923,9.6395,3,5.3033,1
0.8412,53.5508,63.0654,8.1356,3,2.0908,1
11.8992,60.0064,58.1697,4.3312,0,4.2882,1
9.1254,57.3975,52.1872,7.3269,3,6.9466,1
4.6813,46.4061,81.3306,6.919,3,7.6179,1
7.1153,69.354,43.7796,7.2433,2,5.4972,1
9.7413,97.9944,40.9851,6.0357,2,8.09,1
8.0078,67.5022,80.6847,9.2455,1,7.6695,1
0.8644,84.1276,69.3337,4.1144,0,3.1841,1
10.8559,89.2444,45.8375,7.6674,0,8.3602,1
5.9657,87.9505,53.2344,8.8267,3,4.0361,1
1.4496,81.0453,72.7531,5.9295,1,7.8781,1
4.026,47.2447,48.4742,6.4909,2,5.9807,1
1.1996,90.842,76.7465,8.666,0,8.9166,1
0.0867,95.5682,82.4045,7.5624,2,4.746,1
2.4739,78.3895,71.3852,6.4722,1,6.4948,1
2.16,69.9933,97.0179,7.7631,2,4.1307,1
6.3624,45.741,61.7141,8.5668,1,5.1779,1
2.4973,43.1841,46.7607,4.8953,3,5.4776,1
4.3703,52.5754,55.0829,7.7009,3,1.3899,1
11.0983,50.5533,87.1295,6.9104,0,1.6377,1
5.0288,84.8252,93.9024,5.3804,0,3.9352,1
8.853,92.1932,62.5319,5.324,3,6.2658,1
7.3132,50.6836,62.4091,6.7464,1,6.6882,1
2.4265,47.6327,81.5326,4.3579,1,2.0,1
2.6382,57.7097,49.4073,8.7674,1,6.2031,1
2.7564,64.7018,71.3061,9.1732,1,6.3242,1
8.8341,54.7993,59.6378,7.4768,1,9.2238,1
5.0133,42.6535,99.4764,8.4009,0,4.8313,1
1.176,69.7171,44.9855,8.5185,3,9.5494,1
3.5495,78.8584,45.4438,6.8787,2,2.4562,1
11.717,67.8256,48.3174,8.2188,1,8.1087,1
5.5715,78.0041,91.623,4.4242,2,5.7783,1
7.35,74.5138,52.4288,8.108,2,7.6218,1
11.3439,80.4792,93.2787,4.6658,2,5.1882,1
8.4585,73.6455,86.4145,4.8304,2,3.1477,1
5.7419,96.3489,74.8072,9.7546,1,7.7786,1
6.0428,65.3757,43.2676,6.2369,3,5.376,1
1.4725,82.5895,80.6985,7.1971,2,5.0678,1
11.737,92.9878,51.3012,9.3039,0,1.7215,1
3.4605,97.3976,46.5619,5.6557,1,5.467,1
3.518,98.1745,72.4861,4.7922,2,4.7812,1
0.2578,51.3436,41.3222,8.8119,2,4.7052,1
7.1203,81.8118,90.5145,6.6715,2,6.1053,1
3.6779,87.3561,53.6069,6.2314,2,7.9277,1
1.9964,95.4479,82.7087,5.7115,1,8.554,1
7.9963,49.2091,54.2743,4.2469,2,6.1707,1
8.4856,79.9332,98.6814,4.8877,3,5.8588,1
3.6187,95.226,64.2737,6.9965,1,9.5301,1
6.5537,70.4445,78.8346,5.7733,2,9.7265,1
11.9288,80.0133,87.9746,8.3713,3,4.0482,1
8.1361,47.0126,41.4877,7.7051,1,5.0138,1
0.6604,78.4788,75.0059,5.3329,2,2.7614,1
11.4915,98.5504,63.6654,6.9428,0,9.176,1
1.7754,91.2282,62.1778,6.237,2,4.1043,1
2.5883,93.2683,84.4917,6.4937,3,3.5977,1
11.6443,65.4299,93.7857,4.8374,0,2.2928,1
4.025,95.9892,75.4407,6.2546,0,4.6851,1
4.9742,73.3488,82.6148,8.5315,1,2.7933,1
9.8736,58.1196,75.1125,6.9646,3,3.0207,1
1.8483,58.0102,78.4333,7.8194,0,6.8843,1
8.2541,54.685,47.1613,5.6633,0,6.39,1
5.7658,66.1641,55.4747,8.1155,0,4.3588,1
6.9799,48.7682,67.6626,8.1597,2,2.4698,1
5.0342,94.7263,61.3591,5.7391,0,5.6248,1
9.0315,72.6227,92.3466,8.9609,2,3.4431,1
4.3503,72.0652,61.0978,4.8623,1,5.6635,1
10.9295,46.1451,49.2733,5.3267,1,8.156,1
8.2758,97.1497,90.7642,8.2753,0,4.7561,1
0.2086,60.8926,81.463,4.8341,3,9.0075,1
9.1631,60.5227,82.5937,4.1726,0,3.0012,1
1.5041,47.8131,44.7163,8.1449,0,1.6996,0
9.088,42.551,46.469,8.7583,0,5.2217,1
0.1233,45.7902,47.4276,7.6108,1,2.663,1
1.0894,90.7517,96.5107,9.6927,2,4.1698,1
6.0589,44.1002,89.1752,8.5795,1,7.4423,0
2.0613,85.2411,40.2597,8.3521,1,9.2843,1
2.2215,80.4115,46.4395,9.0085,3,4.8168,1
4.8909,85.6846,58.8568,6.7954,1,5.4623,1
0.987,69.6228,63.0869,6.7417,2,7.1834,1
2.7105,64.4369,99.0977,6.5678,0,9.0528,1
0.1534,80.4495,80.3257,6.3782,0,2.073,1
8.3404,98.6543,84.4859,9.3546,1,1.5824,1
11.8879,47.3657,90.2865,8.3512,2,7.8834,1
7.1238,85.3782,88.0591,9.6594,2,5.2824,1
3.3467,86.08,46.4822,5.5041,3,3.0774,0
0.3567,84.2679,89.8187,6.9888,0,9.7487,1
7.4636,45.78,44.591,8.5097,3,8.1346,1
7.9451,69.415,55.6999,6.0617,0,9.5732,1
4.6036,58.8736,62.5802,6.7579,0,2.5918,1
9.3526,93.082,49.8487,6.5841,2,7.4415,1
7.9209,81.1225,74.3326,6.8555,1,5.5602,1
5.9363,98.2522,77.0164,6.1166,2,3.8843,1
4.1865,84.5234,41.614,9.3481,2,4.4252,1
11.9033,64.7158,43.387,5.4654,1,6.8327,1
3.6589,60.2557,41.1827,5.9567,3,6.9199,1
6.1771,65.2704,41.2241,6.8182,0,9.8719,1
9.6999,46.0034,80.5067,6.0158,2,2.4996,1
11.6331,52.1055,78.1267,9.8446,0,8.5634,1
11.9547,64.1216,53.5532,8.4573,0,7.4594,1
7.1024,56.4019,73.9857,7.1864,3,2.8877,1
9.6495,65.9746,72.3969,5.2005,3,3.2614,1
8.0587,72.8537,92.8538,7.7671,1,6.1916,1
5.6075,96.2298,71.9632,7.6865,3,9.4117,1
0.7186,52.0389,67.7492,5.4422,2,8.5971,0
7.6071,90.758,56.0161,5.7223,1,3.308,1
4.8704,46.8135,51.515,5.4735,2,5.1774,1
0.444,49.5615,48.1858,5.5504,2,6.928,1
10.2303,97.8272,69.1505,4.1195,0,3.8251,1
10.7613,80.3003,93.1432,6.3814,1,3.1244,1
6.003,47.2386,79.853,7.4825,2,5.4681,1
3.7609,89.94,84.2342,8.835,1,9.4195,1
1.2818,52.8465,56.4728,6.4503,0,5.4132,1
5.0854,80.9643,97.7989,9.2766,1,4.267,1
9.8564,41.2645,98.0083,7.6349,0,7.2161,1
3.7112,97.509,61.7713,8.8735,0,5.8142,1
5.3088,40.472,97.6449,9.565,2,3.708,1
10.313,49.6136,66.3308,5.9031,3,8.1039,1
0.9611,86.7674,69.5015,8.4217,2,7.4565,1
8.3818,70.3801,61.1114,7.6127,2,5.0794,1
0.6252,78.4956,77.8094,8.7461,1,1.0277,1
1.3299,54.9762,82.8138,8.6056,1,8.6226,1
9.5117,59.1639,68.7019,8.411,2,2.5613,1
1.0128,62.056,63.6097,6.2639,1,1.1866,1
6.7024,76.7202,53.7224,4.5339,3,2.7844,1
5.1468,55.6095,45.3437,6.2075,0,1.127,1
9.2803,95.6971,89.6354,6.9649,1,7.4221,1
3.4555,69.6501,47.812,9.138,1,9.9569,1
8.1263,65.0999,64.5114,4.8757,2,9.7852,1
6.9948,78.8341,45.1443,6.8133,2,9.7696,1
2.5466,63.0097,65.3975,7.5832,0,1.8575,1
10.8987,99.8044,96.3593,9.8033,0,1.0482,1
4.5713,98.6514,80.2757,4.7934,0,6.2244,1
10.5348,47.9152,59.039,7.1825,1,3.3437,1
11.7422,69.9526,98.4023,5.686,2,9.3361,1
9.1388,55.8255,58.7806,9.356,2,7.6318,1
11.4006,73.3405,95.3712,7.8199,3,1.479,1
3.1227,82.3578,66.1858,9.9712,3,1.3671,1
8.5083,69.112,69.5793,9.075,1,2.1129,1
2.0195,70.5243,56.3675,9.3454,1,6.2519,1
6.3122,74.2473,64.9851,4.461,3,7.0922,1
8.1677,63.6502,75.4203,9.7073,2,2.384,1
9.9684,79.5724,67.2433,9.7312,0,3.9648,1
11.369,99.9893,94.4127,8.7822,1,2.9023,1
7.7237,59.3903,43.3321,4.4243,3,1.833,1
4.787,41.2307,52.4934,6.331,3,3.5644,1
7.8488,47.2361,69.4507,6.5942,2,9.1336,1
4.4095,51.9923,66.7265,6.3285,2,6.0675,1
9.0779,88.6597,76.8321,6.6046,3,1.8365,1
7.7713,82.8181,95.8401,7.1637,0,3.6163,1
10.8865,68.6567,48.9164,4.7667,2,8.5738,1
0.9184,42.7057,46.4579,6.5495,0,5.1819,0
9.7539,61.3275,75.1341,8.6119,0,2.0254,1
4.7155,44.9974,92.6053,5.7859,3,7.8162,1
9.694,60.4801,95.0867,8.86,1,2.6658,1
1.276,72.0626,40.3508,4.7001,1,6.9022,1
4.8611,79.463,84.6548,8.3555,2,6.5665,1
8.2835,63.6998,58.1594,4.7505,0,2.7172,1
8.3524,51.2933,41.6089,6.8867,1,6.8477,1
2.291,58.0551,67.8055,6.8439,0,2.0481,1
8.8654,66.716,69.1028,4.1178,3,6.267,1
0.6111,40.4725,77.8246,8.2786,3,8.6375,1
7.1501,73.2583,57.4465,6.925,3,5.6202,1
10.4116,53.9143,43.6423,4.1141,2,5.9793,1
7.7796,93.3484,47.0164,7.7362,2,5.0349,1
5.6309,66.2866,70.4582,7.526,2,9.2956,1
8.5824,68.108,92.9904,8.338,3,9.6382,1
9.5517,87.9853,90.6719,7.7311,2,7.2163,1
5.7947,50.3975,49.3788,6.9531,3,9.4875,1
11.9911,61.5272,55.6485,8.0616,1,8.4515,1
0.3836,43.8199,65.8372,7.7054,0,6.0578,0
9.2325,86.2057,73.4213,9.3779,0,7.3576,1
5.2539,67.4281,90.4958,4.6656,0,8.0349,1
6.7497,70.4383,50.0228,4.7084,1,9.1989,1
3.5055,66.4911,70.3538,8.3953,0,2.3887,1
2.4227,98.1782,86.1532,4.0395,3,4.0719,1
1.0228,62.3462,85.2907,6.1639,1,2.3645,1
9.6212,64.8046,64.5586,6.7525,2,9.4937,1
9.2418,83.0575,71.0409,4.4175,2,3.8332,1
9.1103,79.6106,78.4879,9.4151,0,9.7996,1
9.5888,92.5488,98.3597,6.5158,2,7.494,1
10.8025,76.6241,48.8117,6.4236,1,8.9882,1
7.4182,66.5286,60.715,8.871,3,7.9786,1
4.6799,83.1328,92.7925,7.1228,2,2.9236,1
3.747,60.4425,78.1411,4.1405,2,3.1721,1
1.3253,43.5967,62.3787,7.7619,2,2.1143,1
11.2961,66.9242,74.3461,4.0313,2,9.8466,1
10.7321,77.6647,71.9973,7.5733,2,3.6928,1
9.781,74.3659,48.3983,6.266,1,1.947,1
5.4517,48.7932,65.5415,6.4723,0,1.5597,1
5.715,66.7698,62.1577,7.1575,3,8.8481,0
8.2682,96.8692,83.903,6.5015,1,2.2991,1
8.5338,47.7631,82.2715,9.1796,0,7.2502,1
6.7083,95.3018,47.126,9.1139,0,2.0878,1
0.4834,49.1983,62.288,9.9461,2,3.6458,1
5.0611,96.2092,58.3098,5.7009,1,8.3721,1
1.4679,60.9189,92.2256,6.5055,2,6.0919,1
8.6404,76.3426,85.7171,7.0286,3,7.8551,1
1.7878,83.6718,45.3589,7.7486,3,4.4851,1
8.0453,66.5858,56.6425,4.5312,1,7.3649,1
9.5539,82.4439,73.6627,4.7427,0,2.7318,1
6.8429,51.3638,68.5501,9.3812,0,6.9243,1
11.5485,56.4978,52.3483,8.9781,3,1.7618,1
5.8977,96.0309,60.3974,5.083,0,8.7368,1
3.0861,46.8787,45.96,5.0089,1,2.644,0
8.1433,43.5348,97.6674,5.0887,0,3.6822,1
1.7095,93.5807,55.4761,9.6495,0,1.4669,1
6.1035,70.2653,96.9614,5.6157,2,5.1834,1
5.8101,64.4496,54.0244,9.3169,2,5.9867,1
7.8186,47.5343,74.0947,6.6759,1,8.0459,1
6.4853,50.0913,54.7097,9.7157,3,1.3761,1
7.8367,50.0429,43.6105,9.5309,2,6.3808,1
4.5618,61.0851,77.9324,7.511,2,1.4094,1
4.7437,47.3786,48.379,7.3389,2,8.9045,1
6.0578,88.1234,93.0359,9.6725,2,9.8168,1
3.8597,52.6374,97.5396,5.9707,1,6.818,1
5.7183,94.0867,80.3624,6.479,3,7.8622,1
0.9303,41.8569,89.925,8.0297,0,4.177,1
9.9296,61.4779,50.6312,8.6078,0,2.1229,1
8.9177,85.5053,80.8333,8.2552,1,1.8097,1
3.6381,83.0686,54.0555,6.9629,2,1.3312,1
0.0856,99.0558,78.3062,4.6657,2,6.1219,1
6.6214,79.5903,73.9424,8.0943,1,1.5882,1
6.8388,53.6779,71.3848,8.6935,1,8.629,1
11.6377,80.6641,76.8674,8.0841,3,1.0176,1
10.2463,59.38,90.6605,6.4413,0,7.1216,1
4.3377,85.5413,93.0281,5.3473,2,9.2655,1
4.0165,92.8059,88.4604,9.9416,1,9.8029,1
0.8933,54.999,49.8689,5.8648,0,1.2509,0
11.2207,90.4305,54.8292,6.8415,2,8.4927,1
6.2361,54.2046,44.3747,7.5998,3,7.8769,1
0.7282,42.0006,58.7968,9.0862,0,8.0438,1
9.6286,43.2873,76.6443,6.591,0,7.0981,1
1.15,85.1178,53.9867,7.5975,0,5.0807,1
5.1373,77.2126,46.0767,7.9055,0,5.0867,1
7.1421,44.0527,87.365,5.1617,1,6.7363,1
5.0521,83.4774,66.6775,5.4589,0,1.5444,1
9.0525,58.6713,93.1133,8.653,1,5.2257,1
3.4928,98.2163,71.0608,7.9461,1,1.5159,1
5.0647,51.7244,52.0223,9.451,0,4.074,1
8.3374,98.9154,75.9857,5.9869,2,6.5449,1
9.4703,42.5315,53.1644,4.0222,1,7.239,1
2.5577,68.8448,86.1009,8.8879,3,2.8478,1
0.8848,41.8011,46.9114,5.7435,1,6.682,0
4.3189,98.5186,51.9474,5.7046,1,8.9684,1
2.1425,41.2895,90.5729,9.4639,0,8.483,1
7.8584,93.1007,60.303,5.2614,3,3.1613,1
11.7252,99.8617,92.8998,9.2703,0,2.0664,1
1.5695,51.3785,71.9533,8.1661,2,6.3959,1
7.3923,51.3461,72.1281,8.7375,2,3.2245,1
3.3609,47.5875,70.4962,7.5045,3,2.8831,1
0.7785,70.5168,85.0785,7.8704,2,5.4873,1
3.8619,62.4327,81.6706,8.2939,3,5.2638,1
7.7968,52.432,93.6931,6.7125,1,4.5631,1
10.6645,74.2822,96.1299,6.2446,0,2.209,1
7.0075,67.9152,77.2675,6.5566,3,4.8926,1
5.9705,56.3812,41.4831,6.6501,2,6.8082,1
6.1535,78.6193,87.1524,9.5596,0,2.0673,1
6.5523,60.0255,80.5064,5.5001,2,2.7158,1
8.5942,72.5875,55.6681,8.6205,2,8.4008,1
4.8457,64.3455,74.7972,7.9319,3,6.8868,1
2.7309,83.4002,52.5925,5.4023,3,7.5026,1
9.503,58.7845,51.2708,8.6208,3,2.8863,1
6.9301,47.7007,96.6012,4.0581,2,4.0584,1
8.2292,64.2021,86.7186,7.2256,2,6.2826,1
11.7269,99.6554,74.0915,8.7949,3,9.8215,1
4.6876,72.0694,51.3003,4.6518,3,6.751,1
2.1316,89.5885,76.2018,4.161,1,1.6254,1
3.4058,53.9824,79.5742,4.4199,0,4.3179,1
4.6933,99.3757,47.7483,6.5105,0,4.5009,1
2.4778,92.2269,58.5854,8.9074,3,2.429,1
8.6013,67.5374,52.1022,9.9465,3,1.5757,1
9.6908,71.5514,94.6182,9.2754,3,5.1643,1
11.0268,60.8069,90.5584,8.7541,3,6.5172,1
2.1015,54.9481,93.9979,8.3995,3,4.462,1
8.3837,42.6199,93.1325,4.9476,2,6.9999,1
8.7185,94.1341,94.5242,6.4677,0,9.9578,1
3.9122,67.0562,55.166,7.0364,3,1.2405,1
8.1075,67.7142,60.6195,6.3961,1,4.5701,1
3.9253,84.9206,69.0856,4.4094,1,7.4222,1
5.6495,56.7485,49.682,9.031,0,2.5951,1
8.0567,40.6726,56.3951,6.6439,1,2.9501,1
8.1005,52.97,81.8045,9.019,0,4.5156,1
9.2689,86.0269,95.7292,6.2479,1,2.7999,1
0.3353,40.8736,89.2316,8.0798,0,2.9851,1
2.0146,50.0228,64.9408,4.6461,2,3.9041,1
7.4961,96.0596,63.7038,6.5673,1,2.924,1
3.7949,63.3512,67.5266,4.3961,2,6.8495,1
0.808,53.1137,58.0921,7.5932,0,7.4128,1
3.0233,45.6847,59.4613,7.7852,3,7.1011,0
8.3246,59.9228,78.1212,9.3038,2,9.8022,1
10.9452,66.9347,70.6616,8.4509,0,3.0935,1
10.7614,58.5309,84.2748,8.5435,0,1.5393,1
2.4526,42.2744,95.4045,7.5885,3,7.6533,1
3.3375,78.6161,85.6296,7.1252,3,6.8324,1
3.9752,54.5349,72.3587,9.4398,1,8.2131,1
2.6693,92.3623,71.2883,5.1013,0,1.5816,1
11.9042,96.2965,47.5337,5.0421,1,3.1268,1
8.6999,58.6878,83.3004,5.4695,1,6.4527,1
2.4168,91.7455,68.8702,9.7061,2,4.5842,1
5.2965,70.3176,84.0957,8.5619,3,1.1783,1
11.0584,75.711,49.1679,8.3599,2,4.4241,1
3.3987,73.7285,68.8507,5.9994,3,2.7614,1
8.7644,62.4555,64.2733,6.4949,3,9.7344,1
5.8746,78.4629,75.2985,6.4527,0,9.9323,1
9.1554,97.4258,86.2762,8.5095,2,5.5865,1
8.2619,81.7873,79.0544,9.5591,1,3.1812,1
8.1171,81.8483,78.72,5.568,3,9.4984,1
2.969,74.7005,79.7563,4.9686,0,7.9387,1
7.0339,94.0597,71.1122,5.1329,3,2.4924,1
8.302,70.0388,71.9921,9.3199,2,7.6054,1
1.3113,74.3567,87.852,8.8854,2,7.7386,0
4.7756,58.486,99.2215,8.8983,0,1.8718,1
3.4601,65.857,50.5841,5.1184,1,2.7822,1
11.3818,67.0396,88.8622,5.1138,0,7.7492,1
10.4594,66.4438,94.7783,4.6552,1,1.7183,1
1.4962,43.8557,41.78,5.4087,3,7.0552,0
0.0867,74.9467,99.2571,4.5811,0,4.381,1
11.5447,55.9501,69.1556,8.5415,3,4.029,1
2.8752,61.6726,63.9083,7.6649,2,8.8577,1
0.037,92.2325,64.1085,9.0125,1,1.2311,1
9.0173,54.9123,67.1151,8.1171,3,5.6342,1
0.0375,78.2844,96.5163,5.9331,2,8.8609,1
2.8027,69.0722,84.3523,8.7638,2,4.8512,1
11.1701,99.2123,91.426,9.4312,3,3.6448,1
6.8627,91.4082,70.2782,4.7672,0,3.7121,1
6.585,92.4871,50.0832,6.6777,0,5.3395,1
11.3305,81.9945,46.3282,9.9602,0,2.4421,1
10.8318,85.9785,53.2226,5.5458,3,9.5635,1
7.6026,69.5175,87.7324,5.9968,1,9.386,1
7.2082,78.6392,62.6206,8.3047,3,6.8853,1
2.8004,55.5456,57.4586,4.6683,2,7.6652,0
8.9354,46.9664,62.0642,9.12,3,6.1923,1
10.1654,98.791,59.1786,6.1901,1,5.6778,1
2.6657,63.7187,72.2976,6.7636,1,8.3453,1
1.7691,57.0036,84.8236,9.0948,0,6.3899,1
11.884,47.4078,99.8109,8.2391,3,6.6797,1
0.7058,88.6126,49.1621,8.3006,1,7.3037,1
10.3852,50.7412,69.2503,6.3508,1,9.9196,1
11.8838,85.4629,63.4638,7.1671,2,3.5413,1
8.4133,72.8806,45.8392,5.9405,0,8.6483,1
1.6507,81.7573,57.4649,4.8689,1,8.2392,1
7.8149,61.7335,91.3685,4.6117,1,4.389,1
0.676,61.335,68.4325,9.6704,0,9.8225,1
7.1207,98.1836,77.6184,6.424,0,2.0692,1
2.0698,84.712,86.551,9.947,0,7.9996,1
7.8037,56.513,79.1917,6.2039,0,2.0496,1
2.6992,75.211,99.241,6.877,0,8.1491,1
5.8103,78.6758,66.0194,7.4285,0,3.9271,1
4.864,82.0445,63.6278,8.9048,3,1.5754,1
6.4678,89.1297,79.102,8.521,1,9.6911,1
2.1593,73.2833,88.0308,4.7383,1,6.1757,1
1.0539,55.4056,85.1841,4.5077,0,5.5553,1
11.3427,40.0051,58.036,9.6773,2,6.9324,1
6.9249,81.7061,71.36,9.9161,2,6.4555,1
0.5368,42.204,48.5,9.1365,1,9.6168,0
2.5925,61.5439,47.7095,7.7339,0,5.9486,1
5.4728,96.6844,80.5915,9.6412,1,5.8231,1
8.7921,99.7216,81.8082,5.1558,2,6.0728,1
9.8588,58.9816,87.267,6.2737,1,1.6977,1
1.3199,72.9021,43.9576,7.8411,2,9.1832,0
3.2838,45.8768,98.7691,5.3334,0,8.0446,1
6.3177,92.5307,75.3296,8.8408,0,5.7606,1
7.2896,93.7942,50.2448,9.6791,3,2.6261,1
8.1337,87.3248,73.1003,9.2921,3,5.2918,1
1.8659,47.5821,62.728,8.4125,0,9.266,1
4.4418,86.6517,80.6929,6.5095,3,2.6479,1
3.3099,65.6659,96.5006,9.2883,1,3.7467,1
11.3695,64.3909,58.7642,4.5408,0,1.6902,1
1.015,57.1511,95.7753,8.8501,0,9.6595,1
6.1042,83.8478,68.7794,7.0901,0,4.6492,1
8.5699,82.1555,84.9801,5.4654,0,6.4664,0
8.0943,92.9158,71.411,5.3504,0,4.3035,1
5.9461,50.229,98.1837,6.0278,1,8.4855,1
10.2937,57.4039,68.9875,5.5885,0,7.6422,1
11.1973,78.5784,89.5436,4.2126,3,9.0324,1
0.69,40.3535,67.6212,5.7901,0,1.0464,1
1.2161,69.5228,45.0846,7.0859,1,4.6965,0
0.0829,86.1669,55.0081,6.8242,2,3.6936,1
1.3043,66.3143,90.3614,4.971,2,7.7238,1
10.6029,82.5532,46.6399,5.7094,1,4.5509,1
2.3879,68.7577,79.9146,5.5948,3,5.4016,1
8.1808,47.646,85.0654,8.682,3,5.5167,1
1.3168,46.4728,41.2691,4.9333,0,7.9065,0
8.1397,60.5285,98.5863,8.4246,3,5.3217,1
7.4114,83.7549,51.2116,5.6868,0,8.7775,1
2.9683,89.2366,51.9047,8.2388,0,7.3103,0
7.0944,78.0686,53.7631,4.7938,0,3.4648,1
1.7545,41.0597,51.9786,9.1861,3,4.6657,1
4.0341,68.7517,70.5918,7.8632,2,1.9905,1
11.316,82.6951,54.8181,9.3706,1,1.368,1
5.6647,94.5089,46.0457,5.109,3,4.2722,1
1.1626,40.8197,73.1061,9.1718,2,4.2451,1
7.2566,54.2951,56.5568,7.506,0,8.9847,1
8.911,47.2213,75.1937,9.4731,1,2.7363,1
7.4281,58.0886,68.4519,8.5659,1,1.3943,1
6.6059,55.1515,92.6245,9.1206,2,9.0542,1
0.8125,65.1402,95.8799,7.0232,0,2.5024,1
11.6098,57.3794,97.3482,4.3648,1,7.6664,1
11.6585,49.9311,85.0437,6.3049,3,4.6076,1
2.2088,49.6002,53.0685,8.1803,3,5.5344,1
3.5564,56.1109,47.1462,5.3436,1,3.6266,1
11.3046,56.6654,47.9783,9.2403,0,6.7817,1
0.0168,60.8477,76.3096,6.2147,0,9.5179,0
3.1685,48.0167,93.9001,5.7694,0,6.6336,1
3.3563,55.3592,40.9383,7.9439,0,7.5034,1
11.3479,55.4407,77.5738,7.6261,1,8.3516,1
9.6928,85.1739,49.3385,5.3903,3,4.3178,1
1.1243,50.8908,51.1017,9.1741,1,6.1269,1
3.7219,93.1152,89.05,8.1242,1,1.6251,1
2.943,94.5479,98.2231,4.6014,1,7.5409,1
0.2486,89.5937,85.8067,7.8669,0,2.1896,1
3.2119,96.3159,75.9782,8.7544,0,9.6186,1
8.4895,52.1393,68.8255,7.3771,3,8.3392,1
5.7469,54.6285,72.6116,5.6047,0,1.1909,1
10.6375,64.9171,40.0726,5.3459,1,4.8442,1
7.8644,53.5531,92.7394,6.3085,0,5.4264,1
3.3818,44.5774,60.0235,6.163,0,9.0603,1
2.1368,71.8288,75.9767,8.0766,1,9.0381,1
10.5048,56.2656,69.955,6.2147,2,8.2965,1
0.9164,40.1307,95.9857,4.8919,1,3.8823,1
5.7412,44.0388,74.6706,9.7575,2,2.302,1
1.5304,86.0521,61.1565,6.9652,3,7.2408,1
9.6257,79.2373,54.7545,6.512,3,5.8487,1
6.4346,53.8069,45.0171,8.2895,1,7.3278,0
0.2059,73.5025,97.4569,9.5254,0,9.2023,1
10.1919,86.7188,48.361,6.7623,3,3.1825,1
11.5446,82.2378,62.6476,4.1581,3,4.3452,1
7.953,44.4262,90.2462,9.2229,0,2.322,1
9.9728,64.9897,85.9251,6.8186,1,7.733,1
3.5941,64.6913,60.2402,8.6884,0,3.5809,1
9.0136,70.1977,40.6521,8.9961,3,5.9874,1
11.0298,70.1123,82.5612,6.542,1,3.4464,1
8.9176,64.0241,43.3598,6.3537,0,8.349,1
3.7583,78.5135,89.6352,4.9889,2,6.8198,1
7.2383,90.7966,41.6829,5.6932,0,1.5879,1
9.0783,58.5472,73.1015,7.8303,0,3.163,1
11.8379,69.0284,42.8829,4.5593,2,1.0763,1
3.3888,63.8882,51.693,8.5111,2,9.7647,1
8.8974,46.0602,88.4497,4.9011,3,5.2926,1
0.4489,49.6734,80.9424,4.4725,0,9.5754,0
1.6904,83.1133,99.605,7.0097,2,5.0273,1
3.4901,77.4082,96.4085,4.2401,3,3.152,1
6.8028,99.6643,45.8444,4.0897,2,5.9242,1
9.3773,45.2301,45.6468,5.8823,2,2.4533,1
2.1502,86.3164,55.4766,6.8396,2,7.8683,1
11.0899,96.3898,98.3008,6.9296,2,8.731,1
1.5478,62.0039,90.6901,9.7123,2,1.7514,1
5.4011,92.6445,99.4749,4.2561,0,7.6694,1
10.2367,57.4396,49.4923,6.3957,0,3.0075,1
8.0298,60.9363,68.1093,7.2107,3,1.9821,1
4.7633,65.9869,64.0912,4.3868,2,9.9679,1
8.4275,68.5732,56.7025,4.2297,1,9.5368,1
11.8537,86.4523,43.744,8.8512,3,9.807,1
2.5379,41.3766,85.517,6.5375,2,6.7212,1
3.58,82.7324,92.2773,7.1487,2,2.6567,1
10.7395,65.7121,97.8019,5.7814,1,4.1435,1
1.9283,81.8014,61.2815,8.1574,3,8.4071,1
10.7254,51.9136,83.3634,7.4709,1,3.9136,1
8.8406,58.9909,49.0304,6.752,1,5.495,1
9.5042,80.4367,55.7682,8.3337,3,9.4899,1
6.9405,42.1892,84.7425,5.1259,1,6.4085,1
2.5172,51.4695,80.7777,9.7306,2,8.324,1
10.4131,81.959,78.9347,6.736,3,4.1656,1
5.1102,98.4442,60.1496,9.5581,3,4.8555,1
4.5788,90.7055,81.313,6.625,2,7.3188,1
10.8706,45.9535,45.2572,9.0234,0,6.8466,1
9.0207,95.6337,45.9821,6.6646,0,7.0094,1
2.5425,86.6128,73.0953,4.687,3,9.555,1
10.8959,78.6916,87.0781,6.3749,2,8.0398,1
3.2113,79.5209,58.4438,9.416,3,7.0597,1
0.315,87.4306,90.4462,7.1138,2,4.0158,1
11.9139,54.5099,98.4094,5.156,3,8.4569,1
7.6353,98.6413,50.423,9.425,1,4.9366,1
9.6141,70.2554,77.8865,8.7057,2,8.536,1
0.3077,40.6923,86.2019,4.9183,0,6.1461,1
8.81,99.0049,78.0678,8.6655,1,3.1575,1
2.9431,86.8017,87.1629,8.6223,0,3.4747,1
7.5293,78.3032,74.7613,4.6205,3,9.3448,1
2.1675,44.6429,90.6774,9.4763,1,4.5172,1
0.2635,44.4146,97.553,4.4579,3,4.3773,1
2.1577,40.6084,50.7206,7.4038,0,2.0549,1
4.1614,99.695,75.9996,4.0301,2,9.3392,1
6.1409,49.1408,92.0125,4.6887,1,1.2655,1
1.0013,81.4961,47.5948,5.642,1,9.5791,1
8.9423,69.7481,70.7594,6.3997,1,3.2508,1
10.1524,83.0438,97.7123,4.6174,2,2.4909,1
5.3539,75.7798,56.3004,5.9125,0,6.4657,1
6.8057,62.4376,77.9619,4.3856,1,9.005,1
7.2466,92.6351,97.0227,7.183,3,1.2695,1
3.8722,87.4538,61.4647,4.4358,2,4.3477,1
0.1308,59.7322,67.9226,8.7714,1,6.0548,1
7.2216,71.6357,46.1752,5.6683,0,6.1655,1
9.7607,51.889,42.9796,6.9636,0,9.9123,1
1.4891,50.2684,59.6125,6.2971,0,3.5653,0
10.9397,57.0619,90.4986,6.4169,0,4.0365,1
5.6387,89.791,64.9047,5.806,2,7.7832,1
7.3478,63.5996,81.7874,6.7275,0,8.5877,1
1.2329,53.4409,89.5274,4.8324,2,8.7525,1
8.6893,88.7369,88.9689,7.2254,0,9.407,1
3.1163,87.0966,46.6482,9.6829,0,3.3735,1
8.384,95.4915,75.0072,4.7194,2,8.7571,1
10.6536,97.9502,64.7976,6.6807,0,5.6959,1
3.3665,86.3586,68.9624,4.5508,2,7.4024,1
10.0265,54.5426,78.8281,9.1352,0,1.6763,1
5.6178,63.1036,69.2587,6.0427,2,7.8444,1
5.4483,49.2399,70.2707,9.4848,1,9.2503,1
2.4362,64.0123,44.1184,6.5386,2,9.5635,1
1.2248,67.6572,46.4304,4.6612,0,9.0469,0
5.4317,55.9347,95.6157,4.5044,3,2.9086,1
5.1702,60.0244,66.4804,6.2187,0,6.8376,1
4.8323,75.6429,71.7738,6.9617,3,1.9827,1
