horas_estudio,asistencia_pct,promedio_previo,horas_sueno,actividades_extra,nivel_estres,aprobado
0.6284,45.2312,64.4345,4.6462,0,4.4121,0
1.6207,73.6577,82.1014,4.9827,3,7.9623,0
4.5311,40.3957,83.9224,4.6122,0,1.8349,1
10.9338,74.4045,55.9193,9.027,2,4.0912,0
2.4823,76.5342,71.6245,8.856,2,1.1129,0
6.4622,87.7881,75.7903,9.0011,3,4.3707,1
9.0501,50.8879,89.2114,9.4819,2,2.5311,0
5.4812,74.3901,60.1664,5.1344,0,8.4844,0
10.7538,99.8532,64.3431,7.006,0,6.7492,0
2.8005,69.0287,50.6554,9.9517,3,4.4073,0
0.1218,67.3804,41.2605,8.7933,2,9.592,0
6.1238,82.4232,44.9743,9.3849,3,1.6614,0
4.8505,99.1209,55.7524,6.8351,2,4.7266,0
11.5582,43.8548,92.1833,4.8639,1,7.697,0
7.5303,85.4838,63.2325,5.837,2,7.9852,0
6.2052,77.7771,88.1366,6.3175,0,7.6722,0
0.2473,66.9834,84.3067,8.3208,3,3.7343,0
10.4567,70.8831,48.2423,7.0007,2,3.0241,0
1.1143,95.789,54.5944,9.319,2,4.5835,0
2.394,99.7159,93.4485,5.165,1,1.7659,0
4.0937,72.2609,95.7625,8.8541,1,8.0747,0
3.0822,89.9666,74.6767,6.9167,3,9.2305,0
11.0995,76.5851,40.3576,8.7627,3,4.0906,0
5.5291,97.461,91.3481,5.893,1,7.9326,0
9.0446,89.2287,50.8406,9.8634,0,8.5746,0
10.276,62.5843,44.1496,5.7754,2,5.5255,0
0.6589,62.8351,75.1581,5.7911,3,6.1618,0
3.191,66.3533,74.2913,5.4905,3,5.509,0
3.3003,97.2913,50.9324,4.1195,3,7.6039,0
1.6986,92.228,93.492,5.3251,0,5.1707,0
10.6503,86.4578,57.3226,7.4806,0,3.8856,0
3.0403,50.0812,64.9634,6.5499,0,5.4713,0
0.5595,71.4863,85.8314,9.5614,1,3.7248,0
1.1059,66.5627,72.6977,5.6758,1,5.6864,0
7.6259,63.543,87.8661,6.6913,0,6.1301,0
5.9186,51.6676,52.6978,5.4479,0,3.2003,0
4.8438,41.5518,64.7334,5.9315,0,1.3766,0
5.228,57.483,51.1557,4.6763,2,2.9081,0
4.3384,49.1725,53.496,5.3323,3,4.5161,0
10.4213,57.2071,68.5387,8.3228,0,2.1338,0
10.3458,73.108,41.0454,7.1252,2,4.2651,0
10.6223,45.6914,79.8661,8.4168,1,9.633,0
1.5138,68.5098,91.0814,4.0319,0,3.9792,0
2.4099,64.2799,43.3822,4.6863,0,2.209,0
5.2737,88.7211,52.381,5.4348,3,4.0731,0
8.0299,60.7333,53.7342,4.3652,0,1.993,0
2.8137,73.4401,40.0483,9.3093,2,9.2455,0
1.563,65.012,41.9933,5.736,2,7.2121,0
4.2065,85.5311,78.7962,4.4793,1,6.4901,0
8.9469,51.9235,78.0943,4.4237,1,7.5007,0
5.7704,79.209,73.1695,7.2681,3,1.2404,0
8.0696,86.806,61.9312,4.6049,0,3.4341,0
0.8831,43.4069,55.2911,4.7805,3,1.8349,0
7.9948,47.2572,94.9817,5.7214,2,4.9556,1
1.1228,46.7947,46.0556,8.6041,3,8.3586,0
9.8434,47.9383,40.0209,5.2579,0,8.2691,0
10.1661,50.4791,56.0009,5.0089,3,8.4526,0
4.7243,74.1054,78.2866,7.2616,1,8.8752,0
6.5688,79.7087,99.5839,7.9935,2,3.564,0
5.0727,91.9661,88.0381,4.9237,0,5.9489,0
0.7528,74.6974,51.3892,7.4161,3,7.4003,0
2.5942,66.3591,96.3355,9.5549,0,2.8741,0
10.2637,71.5196,98.691,4.3046,3,8.1746,0
2.1893,79.4712,98.4556,7.9485,0,1.7858,0
7.8782,78.638,86.9234,7.9679,2,4.2831,1
2.2083,71.7484,79.6491,7.2985,0,9.0125,0
1.7283,85.5335,96.6122,7.6037,3,9.1932,0
0.3534,57.7755,85.1748,6.2408,2,8.5015,0
11.9724,79.1353,98.245,5.1921,0,4.374,1
5.0565,50.6321,46.2833,7.9438,0,3.0838,0
1.6296,80.7778,45.966,9.6189,1,8.9164,0
7.2567,90.6504,87.1253,9.3884,2,4.0406,0
2.8233,83.7278,90.4379,8.1451,1,4.3211,0
8.2255,63.9647,88.5551,8.6283,1,5.5777,1
9.2635,69.1542,80.1164,6.8236,2,4.1516,0
5.1225,90.9194,68.3429,5.9115,3,8.7831,0
11.7636,66.6046,40.8681,4.228,2,4.2862,0
8.0804,73.7248,83.7694,8.9331,2,6.9902,1
1.52,66.9271,88.9416,9.0188,3,6.7542,0
3.23,96.1101,72.6636,8.0448,2,2.8524,0
6.7009,98.6064,40.6032,6.9164,3,4.5972,0
2.7466,81.8789,84.2266,4.7018,0,4.2317,0
1.2301,55.4296,81.545,6.2091,1,1.7416,0
5.382,83.8235,96.9716,8.2878,3,1.4639,0
11.3603,63.5547,89.9924,8.3895,2,4.1426,1
4.702,59.281,89.5138,8.8232,2,7.3264,0
7.2596,61.6419,72.0636,9.194,3,8.5454,0
2.6596,58.7293,86.5937,5.1813,3,8.1001,0
5.3631,88.4496,56.1804,8.3181,2,1.7139,0
10.4585,90.6593,62.9661,7.3828,1,3.0983,1
8.354,87.3966,66.6487,7.6571,1,7.9937,0
5.0069,84.1898,44.9738,6.3135,0,4.3143,0
11.2476,99.3091,60.6575,7.5274,1,9.6819,0
3.2187,53.9204,88.9891,5.7802,0,7.7514,0
11.0634,51.5086,66.8408,5.0854,2,6.6038,0
0.4954,52.9315,50.4852,6.771,1,1.8505,0
0.6087,79.4243,79.2679,6.4867,1,3.1376,0
4.4255,63.9888,41.3528,6.9249,3,4.8869,0
10.9731,48.6226,53.7296,8.464,3,5.5519,0
2.3681,71.766,53.9436,9.377,0,1.85,0
8.4095,69.9309,85.9695,9.5553,3,3.0817,0
11.0352,99.708,44.6797,5.6095,2,3.3941,0
7.408,98.9104,40.5311,8.2706,0,4.6905,0
3.8784,44.3223,72.6723,4.5751,3,6.734,0
4.0097,66.4632,84.9076,6.8066,2,2.0472,0
1.4931,98.4715,97.6001,8.2131,2,6.1675,0
0.1103,82.8205,62.4512,6.7013,3,2.3552,0
8.6535,85.3487,88.9602,8.0515,1,7.6313,0
4.5312,55.5025,74.3823,9.0154,3,5.8112,0
2.7715,68.4867,80.4333,5.3774,2,5.0033,0
3.8439,82.6761,79.1555,6.0206,0,3.1369,0
2.1876,86.1889,94.77,5.4517,1,2.5577,0
4.8157,68.4648,62.9005,6.5163,2,8.1435,0
7.7901,93.5967,94.5126,5.0076,3,3.4999,0
6.5215,68.8804,42.4168,5.435,3,7.9162,0
10.2995,90.2946,94.7572,6.2408,1,9.5304,0
8.2633,43.9558,70.6299,7.0248,3,3.6195,0
7.5334,51.9285,77.3322,8.9593,0,6.9732,0
2.3275,91.8616,56.7784,6.8227,1,5.8498,0
11.3975,78.0322,97.4229,4.6381,3,8.6891,0
0.2482,76.8463,90.8766,4.2515,3,9.5992,0
7.624,89.4121,98.047,8.9086,3,3.2136,0
3.723,75.3306,56.9015,6.8882,2,9.1976,0
5.4871,71.4538,78.7476,4.8656,3,7.6634,0
4.7205,69.5811,52.6569,5.9712,1,6.8552,0
5.2249,95.1173,70.8258,6.2712,1,9.2914,1
11.6465,75.5535,82.3573,9.3915,1,3.2218,1
4.6997,73.7416,94.5525,7.2254,2,6.8369,0
11.4317,50.8676,74.5656,5.0485,1,4.22,1
9.1067,78.3512,86.6398,9.8986,0,1.166,0
11.2125,43.4213,43.7611,8.2949,0,2.1911,0
9.0192,66.5416,42.1749,7.0412,3,3.9662,0
1.9773,97.216,84.5131,7.4853,1,2.0347,0
10.1682,79.6632,44.3362,9.4916,1,8.3888,0
2.6756,49.8442,92.247,5.5946,2,1.8548,0
4.3538,92.7141,54.3437,9.5018,0,8.2324,0
8.5017,44.7318,80.2283,7.1206,3,3.2071,0
2.5122,66.2119,42.323,8.6942,0,8.5283,0
5.6835,51.8167,90.3441,7.1762,0,9.2595,0
10.8543,47.7562,81.9113,9.2799,1,6.6074,0
8.3532,91.3014,43.7781,9.631,3,1.1641,1
4.9319,83.7381,79.989,6.0317,1,5.1813,0
11.8838,77.2861,72.2261,7.569,2,5.799,1
7.7135,96.1936,96.4563,5.0154,1,8.0513,0
0.8634,68.2717,91.9418,6.673,1,7.2943,0
8.4609,56.8658,92.6658,7.5487,0,7.5291,0
8.1958,48.3279,93.1632,4.8326,3,7.5044,0
2.9746,45.9486,97.7675,7.5046,2,4.0408,0
8.2391,57.7394,54.8185,9.8688,0,8.983,0
0.4187,91.795,53.4034,6.7703,1,5.113,0
10.4674,50.1074,91.8825,5.8036,2,2.6605,0
11.4124,88.8599,85.1352,4.0467,0,8.7276,0
5.23,88.8298,58.7328,8.6184,0,7.534,0
0.0014,42.3912,57.5934,9.8162,3,9.0378,0
9.964,74.4621,51.6043,6.7583,1,1.1991,0
9.4203,91.237,95.0245,9.0273,0,1.5329,0
5.5786,68.7482,89.2335,9.8108,2,2.6368,0
8.3179,99.335,55.4656,9.3512,3,6.4044,0
6.0477,41.1365,50.905,5.2003,2,8.0744,0
7.319,87.0676,93.7211,6.7594,2,8.5338,0
9.2332,88.1505,68.3072,5.9519,0,9.0083,0
5.9993,97.8099,64.5173,8.5885,3,5.0864,1
4.5782,74.0712,76.1757,6.075,1,2.7789,0
9.7092,71.8551,84.602,5.0406,3,3.5754,0
8.112,75.0729,40.3067,7.3558,3,6.9919,0
9.8375,78.995,91.2153,7.4106,3,9.8906,0
4.6547,97.864,86.5777,9.6548,3,7.0476,0
10.2228,40.3181,64.3966,5.0422,0,2.9956,0
7.0699,55.9518,49.7335,7.2161,3,9.9795,0
0.3571,43.845,43.5921,8.3748,2,9.1625,0
0.5208,97.9297,99.7298,7.0485,3,5.6658,0
4.9851,77.4534,73.4983,9.3663,1,9.4104,0
4.9226,41.1601,95.319,6.4927,3,1.4713,0
5.7706,93.6918,61.9377,6.1356,2,8.7844,0
10.4346,98.261,42.8104,7.8402,1,9.1522,0
10.9603,84.0286,54.9981,5.7135,1,8.8537,0
5.9173,76.8222,91.7722,6.5463,2,7.8209,0
1.2153,62.7423,48.4085,9.2092,3,1.6179,0
1.4905,97.5645,61.4376,9.7667,2,7.3401,0
0.9272,46.644,95.5312,7.9226,0,7.3566,0
2.0893,94.6006,54.3333,9.9463,1,2.616,0
11.8659,86.7058,54.7387,4.2169,1,5.3036,0
2.2093,42.8594,65.7469,5.4207,0,8.3172,0
6.4312,41.0633,83.8698,4.5317,1,7.1003,0
5.2693,71.4572,67.2506,4.3135,0,6.6637,0
2.2723,71.043,91.7581,4.4928,2,6.4081,0
9.3553,93.6489,69.0444,9.8998,1,4.7874,1
5.088,70.1072,62.8276,6.1134,2,1.9221,0
9.2811,88.8905,84.6317,6.7986,2,5.84,1
0.9138,60.6222,41.8335,6.4927,3,7.5881,0
3.702,86.2565,94.9002,7.0558,1,6.203,0
2.8522,86.1652,95.569,8.245,2,6.1744,0
8.4206,92.3129,83.4467,6.8653,1,5.034,1
1.1201,70.9941,59.5738,9.3645,1,6.9283,0
10.7399,94.6096,44.2556,9.8175,2,5.6409,0
5.9193,94.5627,72.2033,5.7529,2,2.263,0
3.2634,89.6128,99.8126,4.2919,0,3.009,0
2.768,62.7664,95.8287,7.711,2,4.8512,0
0.14,81.0513,51.6459,6.0565,2,7.5049,0
3.2098,44.134,86.8765,5.7786,1,7.0185,0
1.9136,60.5534,47.9164,4.8379,2,3.7834,0
9.7969,73.3534,90.5559,7.0968,2,3.29,0
10.594,71.839,43.1637,8.6688,2,7.0838,1
7.7175,44.0452,47.5122,5.3405,3,2.4429,0
8.9855,72.1476,70.2892,4.091,1,2.5433,0
2.3724,51.1295,42.1516,4.4452,2,8.5877,0
8.4608,45.6128,73.8114,6.2888,3,4.2997,0
10.5699,94.6184,73.7724,9.5187,3,3.4029,0
8.2805,87.7144,59.6537,6.2919,0,3.8444,0
1.5144,64.5771,41.2475,5.0454,3,1.0833,0
5.4721,70.772,95.4669,4.9889,3,6.3024,0
5.6958,97.7882,87.2086,6.2365,2,8.959,0
6.5414,71.3348,92.0984,7.9518,1,7.7698,0
2.2222,80.8445,59.115,4.5854,3,7.3823,0
11.7644,57.9135,86.4103,4.6189,1,7.8713,0
11.8064,73.0806,97.8715,4.8687,3,7.62,0
8.8855,76.5974,79.6868,7.1676,2,2.4634,0
0.9973,61.4541,41.048,4.0151,2,5.4079,0
5.3573,52.9127,59.4652,5.4405,0,6.7532,0
8.8607,55.8291,50.5913,6.2349,2,3.4667,0
11.7385,53.5586,45.138,6.898,0,9.475,0
5.8762,78.6347,84.7679,5.4821,3,4.3775,1
10.197,57.5687,64.1819,7.2889,3,7.8466,0
5.929,53.2263,90.4967,8.639,2,4.9238,1
4.7194,57.479,47.5332,6.6402,3,5.6734,0
6.1676,69.2812,99.6239,4.6593,3,1.635,0
0.4444,41.4285,81.4281,5.8535,1,5.7912,0
8.5181,94.7533,52.1984,6.7776,0,5.1466,0
9.8173,95.5007,66.4462,5.0414,0,3.1003,0
8.9937,56.1589,91.9555,5.1536,0,3.6416,0
1.1179,52.9088,76.1724,8.5564,3,5.1692,0
3.5508,90.3234,76.6726,5.7058,1,6.7228,1
4.5048,86.6848,89.6817,9.2779,3,3.5882,0
5.9183,67.6169,55.5361,8.5729,2,1.5189,0
8.0492,75.5444,99.9022,6.3812,1,3.2136,1
2.9816,68.7079,75.4496,6.8952,2,5.4701,0
9.2861,92.2573,60.229,8.836,0,3.3999,0
2.7165,75.7345,42.9548,8.5586,1,3.0694,0
8.7365,81.7449,40.7491,8.8328,3,7.4758,0
6.5352,42.9855,59.7068,5.4716,0,4.7124,0
4.4997,69.8175,74.6624,5.6648,1,2.2828,0
10.3078,73.0134,87.7544,4.9914,1,6.0687,1
10.7847,68.4633,85.8342,4.0822,0,9.5735,0
6.9785,67.2107,41.7499,6.6534,2,2.1823,0
11.744,72.8194,59.4601,8.2672,1,4.7561,0
2.9514,78.0973,87.4732,4.6213,0,3.889,0
0.7295,68.3733,55.1931,4.0831,0,6.6079,0
1.9361,92.5903,56.1379,5.1135,2,1.5401,0
3.4106,40.6932,91.0405,8.7011,2,8.4691,0
9.9384,47.8419,90.2467,6.1294,1,8.1823,0
9.248,71.0143,76.9025,6.301,0,7.5299,0
0.5242,47.0374,79.7493,8.563,1,7.1235,0
7.7424,53.5158,85.3508,6.6663,1,8.0631,0
1.9435,76.3436,53.9388,8.5781,3,1.8491,0
2.4596,92.9497,41.6521,7.7947,2,5.7255,0
1.6143,53.2827,83.3359,4.948,1,2.8389,0
3.9411,54.8228,93.5342,4.457,2,1.4553,0
8.7725,76.3972,99.5169,8.5415,2,9.7237,0
10.6606,65.2795,52.7872,8.1127,0,5.3382,0
9.578,55.1531,82.2704,9.1271,0,9.9654,0
2.1799,54.0348,74.8017,4.7136,1,8.1298,0
1.4423,60.1879,45.8909,9.3681,2,8.1156,0
7.0855,47.2536,74.1491,9.0185,2,9.3813,0
5.314,83.2318,72.6488,6.8851,0,9.5381,0
0.7091,53.1692,99.0121,4.3458,2,1.6143,0
5.6796,73.8355,71.2018,7.9256,1,2.1999,0
8.0574,64.7244,86.6523,7.5221,1,1.1652,0
0.6277,77.5702,49.9587,4.567,1,6.5438,0
6.4595,83.1296,94.9984,4.368,0,1.6836,0
1.9074,86.9173,90.3428,6.3099,2,2.7213,0
11.3179,64.2611,96.2025,6.0689,2,7.6679,0
6.5905,72.6912,54.3108,5.7839,2,2.3228,0
10.0854,43.4887,81.5732,5.8728,2,3.8109,1
0.4027,74.2019,97.3826,9.01,0,7.3809,0
4.4103,99.623,48.2833,4.4558,2,9.207,0
6.9704,90.4775,66.3097,8.0383,3,5.4569,1
1.6881,46.0714,74.1091,4.9367,2,4.1716,0
4.938,65.1933,76.418,5.6403,3,9.2008,0
5.0754,70.7859,80.5153,4.237,3,8.8167,0
5.5136,89.5327,50.0638,5.4034,1,1.2235,0
11.8575,52.0156,95.0259,6.4077,2,4.6925,1
3.6838,76.2225,94.3873,8.5202,1,2.1265,0
9.6014,40.2895,49.0824,8.9477,3,6.8834,0
6.6458,75.7185,62.3418,4.7079,3,9.2988,0
7.5181,94.2339,42.7654,7.7593,1,9.5833,1
0.837,48.3908,95.7862,9.2751,2,1.9326,0
9.2193,95.9662,79.8806,4.0928,3,3.8036,1
8.7365,71.0535,81.2061,7.9956,0,1.2484,0
4.3524,58.4132,53.4616,9.6689,0,2.0611,0
7.708,52.1152,92.2674,4.9705,0,9.8895,1
10.8636,81.7822,92.8453,8.8511,0,7.9548,1
7.591,57.518,94.9023,5.3319,2,5.8823,1
10.8775,57.6815,79.7971,4.9682,2,8.9016,0
5.5846,58.6298,73.4412,8.0876,0,6.2244,0
10.9969,63.2373,82.1535,4.4098,2,4.9012,1
2.202,41.6553,41.2326,4.3108,0,3.4291,1
5.5015,89.1674,66.5904,7.9229,3,8.096,0
1.084,65.5091,90.1438,7.0562,2,7.498,0
3.6092,48.7401,88.1338,5.983,1,1.4017,0
0.1644,81.6777,63.9434,6.464,1,5.8086,0
5.6294,82.7006,53.1886,8.3323,0,4.396,0
4.011,67.948,95.3915,7.2725,1,5.7505,0
5.0549,62.5384,79.5248,9.1692,3,1.0695,0
9.5479,74.896,81.7725,7.5544,0,9.8774,0
1.4079,53.334,46.1572,8.5771,2,2.7112,0
11.9898,89.3342,64.8867,9.9761,0,8.1679,0
2.9888,42.2712,54.7989,9.5736,1,4.6686,0
8.0478,51.5075,74.5983,7.3045,3,1.5433,0
9.1362,50.2528,99.5082,9.4793,1,2.1363,0
10.2888,57.106,67.6528,9.9165,0,3.0938,0
9.0232,56.0617,50.4332,9.6757,3,7.0359,0
3.6894,61.5849,83.4382,4.8487,0,4.0196,0
8.837,93.1238,69.8653,9.585,1,8.1804,0
0.7681,79.6421,60.5556,5.1101,0,4.5047,0
2.5489,52.1083,52.0288,6.2183,1,2.8715,0
4.5939,79.6988,88.516,9.4147,1,9.0887,0
1.0516,86.6119,65.4539,5.7266,3,1.4046,0
3.0811,75.1313,85.1482,9.4536,1,9.7612,0
1.9263,99.3569,52.3034,7.9547,2,2.401,0
4.4286,72.4195,65.1474,6.7896,0,8.0363,0
0.8898,58.5493,57.0229,7.8801,1,7.1451,0
9.4814,49.2656,53.5602,8.14,0,2.0644,0
8.9529,78.9522,64.514,4.6943,0,4.8387,0
10.7443,47.2213,67.6887,6.3805,0,8.2835,0
7.2047,57.3556,84.9696,5.1691,2,1.0249,0
1.4056,40.9395,88.4951,7.1888,1,8.3017,0
6.8836,73.3426,77.0261,6.7274,2,9.6774,0
5.3877,91.6247,52.5581,7.5364,0,6.0295,0
5.8868,43.6014,75.7556,5.1414,3,1.1192,0
8.3562,53.2053,76.7474,5.5135,1,4.42,0
8.1425,45.4532,51.5793,7.0498,2,7.6269,0
7.8814,60.5428,54.1406,5.0641,2,9.1979,0
2.1509,42.9816,88.8858,6.1757,3,5.1313,0
0.6029,69.757,44.3294,8.1237,0,3.5627,0
4.9508,43.0116,45.1394,5.8938,0,5.7779,0
9.9311,67.2716,62.6953,9.8872,1,9.0385,0
8.148,87.0446,74.3902,9.6238,0,6.77,0
2.0097,44.4382,40.2654,5.5999,0,2.3512,0
8.5281,55.4509,98.8956,7.3539,3,4.0935,0
0.1276,79.2579,88.901,7.2024,2,7.0828,0
1.2517,96.1335,57.5086,9.0516,1,6.8084,0
1.2635,45.8477,72.2742,5.2104,3,4.8938,0
1.22,75.9381,51.471,7.252,1,4.9422,0
4.522,96.8899,79.8177,4.6305,3,4.9526,0
1.5332,61.2667,78.9893,5.766,2,3.36,0
5.8852,69.7101,78.4491,8.3938,0,1.7457,0
5.9798,69.8135,52.607,9.3833,2,8.7343,0
9.0187,54.5056,67.0807,6.5281,0,3.3185,0
3.0498,72.8088,80.0102,7.4144,1,3.7539,0
3.3182,82.1076,65.0489,4.8037,3,2.5183,0
4.4994,41.4399,84.807,9.622,0,7.973,0
1.735,43.506,60.4778,4.7044,2,2.3254,0
1.7828,47.0528,80.8843,9.695,3,5.78,0
0.5262,40.4512,62.3033,5.0911,3,6.4662,0
1.2112,62.6015,69.9475,6.5974,0,4.8551,0
6.3601,83.0353,81.0445,8.7184,0,5.9804,0
10.1037,88.1542,66.5466,9.8705,1,9.0858,0
4.2563,84.289,94.1737,9.7591,3,7.241,0
5.7002,60.7207,69.485,5.8083,3,1.9052,0
0.528,86.1019,99.2455,6.6667,3,8.1131,0
9.8432,96.0674,47.574,8.6055,1,9.3739,0
4.8929,72.4361,79.2966,4.3209,1,3.1363,0
5.295,63.0159,72.3933,7.9235,0,7.2905,0
0.459,64.338,88.3357,6.271,0,3.0928,0
10.4757,62.9462,92.0496,8.4496,2,5.9034,1
9.8512,94.2418,49.4766,7.3189,1,8.4285,0
2.3864,41.6857,56.455,8.1933,2,3.1318,0
0.9787,87.2896,55.5398,7.377,0,7.2778,0
5.0039,56.1073,64.489,4.4582,1,9.1761,0
7.0625,76.6549,98.6339,9.8783,2,9.8904,0
1.6459,55.3403,91.1579,9.2474,0,2.646,1
9.1824,88.8417,95.7764,9.008,2,9.2507,0
10.7314,88.7162,61.4823,7.7954,3,6.6566,0
2.559,75.7397,66.9585,8.2311,3,8.3221,0
5.3405,46.3149,80.1343,5.1657,0,4.4488,0
10.3479,62.7949,89.7591,5.4599,3,4.6056,0
8.3595,49.1957,52.6136,8.621,0,6.8144,0
11.2829,53.7365,81.6719,8.7009,1,9.6637,0
6.6837,75.6588,67.8541,5.6064,0,1.0736,0
9.9045,48.8203,40.9406,6.2469,0,9.6188,0
2.6865,65.6812,97.6499,9.2578,2,3.9481,0
5.2576,64.4983,90.9283,7.2091,0,8.3411,0
1.237,74.2446,48.465,8.8937,0,1.6345,0
3.4089,87.5321,62.1393,9.7719,0,2.7434,0
2.2227,66.0858,68.8901,7.0829,3,4.5197,0
5.069,57.5736,59.4134,6.1823,1,5.1566,0
1.6871,68.8361,53.8009,8.0462,2,2.1636,0
11.353,45.7025,96.2668,8.2194,2,4.4928,0
5.2098,86.6852,76.2511,5.2457,2,7.9082,0
5.6683,87.1245,60.2553,4.7751,0,1.7189,0
0.4622,85.2124,74.2901,5.1427,0,3.6221,1
8.7851,48.1932,78.369,4.7505,0,8.9571,0
0.0088,66.7476,86.7117,9.9464,0,3.9345,0
8.0213,82.6068,50.182,9.5412,2,7.0488,0
8.7129,94.7051,80.1155,8.9176,0,7.1493,0
5.7177,50.4894,80.7078,4.0335,0,5.9872,0
8.4652,63.2699,72.7577,9.4733,1,6.3932,0
2.1431,73.8743,66.0652,9.1514,3,8.7102,0
6.9828,75.4505,84.2419,9.5721,3,6.4734,1
8.5719,88.7297,97.924,8.1598,0,7.3835,0
6.1045,65.5778,54.8166,5.5051,1,1.5275,0
5.6092,87.3407,63.2975,5.2719,2,8.6304,0
6.8537,78.4027,95.1344,9.2007,1,7.4654,1
9.1404,43.3124,99.5073,9.7607,0,1.1162,0
2.8888,67.4882,56.2252,8.7915,3,7.4575,0
10.3193,49.3461,50.576,4.0203,3,7.9118,0
3.4977,97.2198,73.1574,4.0598,2,2.6206,0
3.7372,65.7797,49.7295,6.163,1,1.2894,0
4.7031,44.3441,53.5102,9.8188,3,1.0032,0
4.3498,60.1746,73.0007,9.0967,1,4.5053,0
5.4639,61.2383,74.4406,9.1896,1,6.7918,0
6.3672,58.2343,46.3157,9.227,2,2.5562,0
9.2727,54.0938,42.9487,7.0047,2,9.6102,0
7.5016,53.7406,97.5071,4.3619,2,8.3391,0
11.9856,46.1041,69.7621,7.0771,3,2.8365,0
0.0387,92.5451,96.2615,4.5069,1,9.082,0
5.8373,60.6381,98.1978,4.0109,3,3.0873,0
0.0423,55.5104,53.0591,4.7752,0,2.4692,0
4.2885,93.5312,97.3372,8.8306,1,4.0836,1
6.6559,62.349,85.3599,9.4433,2,7.096,0
8.1102,98.4849,72.809,8.0881,0,4.5451,0
5.875,69.6637,75.3192,8.8605,0,6.3337,0
1.2164,45.4994,59.022,5.5631,0,5.4121,0
10.7483,85.9976,84.3739,4.4873,3,7.9781,0
3.2116,91.1065,95.0795,4.0357,1,7.9973,0
4.7145,90.1913,44.5488,8.9841,0,3.102,0
1.0598,78.0699,48.0842,6.0467,0,1.2299,0
0.8335,57.1227,63.9236,6.3926,1,2.1157,0
10.0727,92.7769,70.006,4.2334,2,2.0515,0
9.1232,98.8974,44.1946,4.3939,3,3.5935,0
2.2903,74.7137,60.5403,4.8664,2,3.8591,0
2.697,88.4046,85.9442,6.7761,1,4.2166,0
0.2387,97.134,55.6352,6.9506,3,3.2521,0
2.5212,84.1019,80.5402,7.7996,1,6.0993,0
10.8934,58.8517,95.9055,8.5536,1,7.808,0
7.9437,88.0703,63.9875,6.9042,1,8.7559,0
11.2116,99.9384,44.2,5.7111,2,6.0243,0
3.2654,85.7468,96.8998,8.8373,0,2.9497,0
5.662,93.7473,43.4632,6.6649,2,7.0005,0
8.666,64.9266,61.5527,7.9459,1,5.5289,0
1.2886,43.2427,69.3691,5.7189,2,3.5976,0
5.5055,62.7046,55.1952,9.794,3,3.0839,0
6.9933,62.5812,58.4955,7.5522,0,9.0796,0
10.033,53.4622,72.2882,4.9945,3,8.6014,0
2.4204,61.1895,83.8041,5.0181,3,8.1267,0
9.4614,65.9716,48.8184,5.294,2,9.6307,0
4.222,82.1555,94.7569,4.8474,2,4.2586,0
10.173,73.5005,55.6277,7.6888,2,6.7227,0
11.4675,99.1558,84.4139,4.0189,2,6.8536,1
9.9665,71.9074,42.2615,8.1046,0,2.8127,0
9.6371,94.74,75.3203,5.8271,0,4.4773,1
8.9808,74.5851,85.6743,5.1563,3,5.0924,1
5.8438,75.1516,97.7945,8.5618,2,3.3474,0
11.3568,67.9273,89.1795,8.4182,2,5.4536,1
1.5589,73.8844,42.7016,4.4734,3,3.4023,0
1.386,60.2016,74.7742,4.3973,2,8.9484,0
6.4905,56.3707,69.1061,6.2179,0,4.4436,0
1.3177,50.7918,86.9207,6.6266,3,3.2586,0
3.6316,72.0607,61.5043,8.9849,2,9.8498,0
2.651,43.2567,52.2252,6.7708,1,6.2775,0
8.2644,57.3115,70.9133,5.2753,1,3.1483,0
7.1691,92.0579,51.9234,7.6829,2,9.4112,0
0.0126,88.8536,80.0275,4.8274,0,2.1792,0
5.584,86.6902,96.8353,7.4983,3,3.763,0
9.9506,77.9781,62.2408,7.8011,0,6.1211,0
9.1799,91.8081,56.28,8.3971,1,5.5985,1
4.3572,72.5042,88.5224,9.6088,3,9.3755,0
10.6394,45.7321,62.3127,8.2412,2,5.0183,0
6.7283,60.5966,86.6505,8.9674,3,7.5448,0
3.9875,82.247,85.8533,8.8825,2,9.9478,0
2.5997,72.7928,76.8498,4.8007,2,4.651,0
10.7949,78.2117,43.4532,5.2978,2,3.1978,0
0.8655,60.958,89.2051,8.8543,3,2.7125,0
7.0645,89.2714,89.536,4.8442,1,9.6812,0
11.2736,47.79,41.4125,7.6514,0,3.6859,0
1.9418,85.5719,62.3356,9.8643,2,3.5136,0
11.5613,59.1722,75.743,8.2496,0,3.7711,0
2.0884,51.7288,96.6377,6.8215,3,9.5928,0
9.6992,48.6668,85.0636,6.1506,1,1.9284,0
2.6605,76.0605,41.0824,8.12,2,1.0576,0
1.2272,90.2683,73.3835,4.0733,0,2.8198,0
4.5325,43.123,58.4833,7.4856,0,1.4992,0
9.2377,41.9247,69.047,9.3779,3,4.0589,0
7.4558,75.7117,84.2026,8.1099,1,5.1209,1
3.4874,94.3243,53.8424,5.4509,0,1.6167,0
9.2686,98.3356,80.0899,8.3321,3,6.2804,1
5.6891,52.697,85.8627,6.3497,0,4.1161,0
7.1309,75.5106,60.9609,5.0869,2,4.2222,0
11.3203,85.3896,56.7798,9.81,2,1.6972,0
11.4314,63.3322,92.4116,9.8393,0,2.6488,0
8.3935,61.3751,90.6203,9.7261,1,3.6262,0
1.0549,59.0805,82.7365,5.1677,1,6.0466,0
5.5024,61.6901,63.5116,9.5509,3,7.1849,0
1.4471,70.8307,80.6904,8.4586,3,5.3971,0
5.9891,77.125,94.6053,8.1442,3,2.6867,0
11.7899,52.9727,82.8644,6.2797,0,4.5165,0
8.1068,52.4632,99.018,6.729,3,7.627,0
2.2325,98.7711,67.5037,6.4346,1,8.6762,0
8.1868,51.8612,50.9564,4.8293,0,7.8631,0
5.9859,79.7381,46.7406,5.3605,0,8.9375,0
7.2984,98.2664,62.5712,9.1151,3,5.8025,0
10.2159,68.3953,62.1837,8.2255,3,5.3036,1
1.2185,49.3844,56.2447,4.0433,1,8.4712,0
5.8644,40.8845,55.8954,8.806,0,3.7265,0
6.0999,42.4382,75.269,6.3878,2,9.8558,0
8.382,66.0833,70.3831,6.9873,3,3.258,0
1.2543,70.4442,69.3793,8.4993,1,3.1338,0
10.5029,86.3928,91.5489,8.5945,2,9.1964,0
7.4977,82.21,96.4643,7.0742,2,1.631,0
10.4479,53.7912,60.2742,7.0754,0,5.7181,0
7.8044,41.24,89.1326,9.1582,2,9.8877,0
6.2474,52.0182,60.632,7.8126,0,3.4634,0
10.2655,58.1079,50.4503,4.7785,3,8.2418,0
0.4703,40.0533,74.3884,4.6888,2,8.6597,0
5.8846,40.3071,78.7037,4.3707,3,4.5662,0
10.6143,51.7576,75.4626,7.7692,0,7.7208,0
9.7393,78.2444,45.6176,8.7963,1,1.0788,0
2.1989,94.654,77.9431,4.3026,2,7.9615,0
11.7521,48.0109,80.1809,4.2082,0,8.1478,0
1.4403,60.5999,73.4703,7.1476,0,9.6381,0
1.6353,45.2125,68.1818,7.1776,2,1.2941,0
4.5488,71.3096,82.0747,9.7876,2,6.1828,0
7.6445,71.0651,61.3353,8.2898,1,3.4485,0
7.9459,81.2679,97.4634,9.1081,1,6.125,1
5.8059,78.0046,75.1921,4.9964,3,6.5944,0
11.5857,80.364,56.836,6.7877,2,9.283,0
1.7011,94.1003,40.5259,4.6893,0,6.4032,0
9.9649,96.5506,90.0392,6.2425,1,9.783,0
1.9812,65.9992,51.1339,5.9203,0,2.4917,0
6.7591,91.511,83.4931,9.1023,1,5.4772,1
3.1419,96.8761,60.7036,8.3474,0,5.2563,0
5.9608,80.0122,49.3988,7.765,2,7.8455,0
6.7527,50.5921,82.7308,7.792,1,3.4904,0
9.0762,69.6287,73.8442,5.7274,2,1.7352,0
3.059,40.2008,88.9927,9.4712,3,7.6807,0
3.1598,68.3807,41.5634,8.0365,0,9.7193,0
1.3394,55.0124,75.8911,6.6645,3,6.6252,0
10.8592,68.877,52.767,8.8491,2,7.5003,0
7.7285,41.1984,94.9255,6.0143,0,4.4112,0
6.7451,52.0176,70.5829,9.9645,0,2.5086,0
8.8515,61.838,88.2622,7.8958,3,6.4588,1
2.6523,74.9766,68.5198,4.1316,3,5.8891,0
11.6597,89.3916,48.4414,8.097,2,9.1859,0
3.8882,47.8314,82.717,8.5093,1,8.2079,0
1.9755,77.1791,97.5338,5.2808,0,7.9553,0
11.8363,97.4018,75.536,8.734,0,9.1964,0
8.685,55.5751,42.606,4.8333,1,2.4671,0
11.4071,92.4097,96.2633,9.156,3,2.1219,1
7.505,74.2652,96.7428,8.3572,1,4.4791,1
5.8153,48.4472,82.7714,9.0121,2,8.9981,0
2.4717,88.6377,82.0034,9.0881,2,4.075,1
9.2694,74.1659,86.4552,6.9321,0,1.1817,0
0.9951,85.4422,79.6141,4.4377,2,4.5461,0
11.3292,83.4399,92.8331,6.3539,0,2.2991,0
8.5181,70.3101,55.7773,6.0147,2,4.654,0
9.2308,79.6211,90.8411,7.4063,3,8.6455,0
8.1928,98.6411,72.4828,5.4484,1,7.5436,0
9.0924,63.6585,85.686,9.1715,3,5.7561,1
2.0133,74.7243,47.1101,9.3655,2,4.2165,0
8.2502,57.5632,97.085,6.3063,3,9.977,0
0.029,90.1492,97.1454,8.9178,0,2.3949,0
7.3187,80.9761,52.3774,4.4052,2,2.0664,0
1.837,42.8357,58.9877,7.7724,3,4.7432,0
4.6011,85.7957,52.4193,4.3608,0,4.2748,0
8.3791,77.7024,99.127,5.6299,1,4.9808,1
7.9711,68.2348,98.5901,9.2952,2,3.4837,0
2.2763,57.2044,71.5281,7.4156,2,3.2033,0
2.5419,45.2431,90.9246,6.5618,1,8.5824,1
0.9296,60.0655,90.9185,6.9532,1,2.3212,0
9.5485,81.8975,77.6879,6.9772,3,8.8493,0
7.8036,44.2887,74.4197,9.3274,3,4.0803,0
7.4084,97.5984,69.9708,7.0124,0,8.7378,0
6.941,97.2011,68.0211,5.462,1,4.7379,0
8.1105,49.0377,56.6085,6.0001,0,3.2149,0
10.0594,72.1112,96.9763,7.6407,0,2.1921,0
3.3902,88.2322,68.1757,7.6413,0,3.077,0
1.4421,73.7304,54.7068,6.5033,0,2.0134,0
5.1119,47.2747,77.1897,9.5166,0,7.2417,0
4.5335,55.1511,70.9112,8.0931,2,2.1418,0
8.4275,98.456,72.6628,7.6525,1,7.2551,0
3.3852,77.615,78.7354,5.6656,1,9.056,0
8.6755,75.4479,44.954,4.9565,3,2.0763,0
3.424,42.892,52.6299,4.2261,0,9.3289,0
1.2498,46.3266,68.211,5.4008,3,6.7817,0
8.0813,48.7756,62.8438,5.8847,1,5.7714,0
5.8099,89.1113,91.2447,4.3284,1,7.4672,0
11.1101,91.8521,47.4241,4.2674,1,9.1059,0
7.0639,87.4599,58.1477,8.8534,1,6.8057,0
8.0937,50.3213,96.37,8.2844,3,9.5448,0
10.4647,91.7561,95.7489,5.3737,0,1.5795,0
1.6275,52.8411,70.6571,6.6077,0,7.6556,0
0.9535,72.1239,89.5217,9.2743,1,8.8821,0
0.0105,87.0816,47.9844,6.7201,0,8.4242,1
3.5634,41.7373,72.5978,7.5992,1,6.8453,0
4.1053,53.1298,78.3851,7.0087,3,5.6292,0
1.7238,56.5831,95.6786,6.7099,1,9.958,0
5.5139,73.8579,95.7665,7.4586,2,7.9188,0
0.447,80.1738,99.0517,8.1127,1,8.7102,0
7.8871,48.5106,67.5735,6.2194,3,7.7868,0
3.5224,91.3404,52.3702,7.3806,2,6.2648,0
11.6733,89.3471,40.1714,8.8539,3,2.8646,0
6.2042,73.5388,95.8728,8.2804,1,1.2198,0
2.7971,88.8673,66.8739,6.8739,0,9.3323,0
10.45,59.6359,96.9173,4.3599,1,2.4837,0
6.1304,59.9383,89.9008,4.909,1,3.3443,0
9.5276,69.5137,76.2973,4.64,0,2.7108,0
6.3861,86.1984,82.0657,5.8336,1,8.6473,0
6.2362,74.5422,75.1278,4.5103,0,3.7845,0
0.7725,41.0199,92.7337,6.5048,2,7.0723,0
6.8806,66.0782,81.6428,6.8525,2,7.8922,0
3.8494,53.7513,65.0046,8.6556,0,7.656,0
0.4654,61.699,81.7247,9.751,3,4.5848,0
1.855,40.1861,40.0818,5.6688,0,8.8623,0
3.7256,61.3456,71.6269,4.4242,3,8.0931,0
6.0188,59.3983,90.1713,8.9806,1,3.686,0
11.8512,84.1791,74.2457,4.508,0,5.2214,0
9.2335,56.9974,58.9087,9.4753,0,5.415,0
7.384,49.8379,51.9117,9.9695,1,7.566,0
4.9858,74.2866,76.6361,5.2438,2,3.9429,0
9.2464,64.216,47.2069,5.3602,3,3.009,0
9.429,89.1907,52.41,8.6075,2,8.8829,0
11.5173,90.5369,98.8212,8.9198,1,2.8172,1
10.2447,60.0484,96.0565,7.3562,3,5.1791,1
10.3581,64.937,47.2296,5.5774,1,5.4051,0
4.9986,72.9209,43.1701,5.5575,2,2.2783,0
6.5683,87.9382,48.2714,9.4985,0,6.7376,0
7.6905,91.441,48.1787,4.0699,1,5.5153,0
6.9083,68.2986,86.1825,8.7191,0,3.2931,0
11.623,85.8752,82.858,5.1988,3,2.8625,0
7.8058,75.8011,81.6242,9.6197,1,9.8859,0
1.7744,93.1071,84.8161,6.7668,2,7.9571,0
5.8208,84.4231,55.3318,8.9095,1,3.4971,0
4.7813,63.231,55.984,4.4249,1,1.3873,0
10.2227,78.7248,47.8131,8.9046,3,2.0435,0
7.7437,50.9255,72.8959,8.171,0,1.7766,0
4.313,69.0769,44.4474,9.5108,2,6.3379,0
9.9587,86.822,44.4558,4.7963,0,1.1724,0
10.2441,85.3359,73.6705,6.3776,0,8.4413,0
10.4736,68.9661,45.0267,6.6959,2,8.667,0
5.6461,77.575,80.6517,6.2364,1,9.9799,0
3.421,58.8296,40.6744,9.7954,3,8.7163,0
5.3167,62.6346,86.6537,7.6264,1,8.3134,0
6.0152,95.2514,69.8872,4.6586,1,5.7654,0
4.341,54.0108,88.2782,7.667,3,1.7577,0
5.6958,90.4518,54.4043,9.7036,0,1.5787,0
11.9944,46.7178,42.5319,6.028,3,9.9527,0
11.1466,72.6092,79.3409,9.6992,1,6.0696,1
9.2341,88.341,82.7639,7.7853,2,9.5847,0
4.8983,98.1959,75.0129,7.2369,3,1.7005,0
6.7887,49.5205,62.5864,4.2662,0,4.0276,0
7.1638,60.12,82.5419,8.1404,2,8.9146,0
3.3373,66.5086,76.8898,4.61,1,1.7757,0
3.6902,95.7146,88.8973,8.4978,3,4.388,0
6.0027,95.6057,43.5623,4.8574,0,2.2233,0
4.6643,58.7201,46.64,9.12,0,3.7648,0
3.5604,94.728,51.1061,9.1848,2,9.2195,0
11.6507,83.966,76.3755,8.2484,3,6.5823,1
8.7967,43.1499,91.4174,6.4262,0,1.3169,0
1.9361,89.2536,91.8914,8.025,3,8.1181,0
10.8934,80.9953,77.8182,4.6175,2,6.295,1
3.0478,45.927,40.219,9.3623,1,8.6384,0
3.137,91.2297,95.5174,7.9762,2,4.3824,0
8.4392,53.495,66.1024,6.7807,3,7.9304,0
9.9066,67.8028,83.9686,8.1775,2,9.9004,0
10.624,83.0371,60.3291,9.5617,2,8.3307,0
10.4672,48.8151,64.2925,9.1933,1,8.297,0
6.9099,41.1717,47.4539,4.1667,0,2.3329,0
7.5475,82.4394,40.1842,7.121,0,1.5808,0
9.5592,45.6007,82.9517,7.8407,3,8.0263,0
7.1676,44.2543,80.7971,6.0114,2,4.4037,0
11.8607,81.9918,79.4373,7.3195,1,1.9306,0
6.1293,86.3954,90.1011,5.6286,3,3.8409,0
8.3826,62.2453,89.5209,5.4084,2,1.7346,0
0.8965,71.2273,53.5248,9.3007,1,7.1599,0
8.9032,75.237,85.3997,7.2411,1,8.8617,0
0.7327,77.0041,95.8152,6.507,0,3.6892,0
6.1122,83.1916,43.5422,7.365,3,7.0245,0
5.5572,79.4586,72.9862,9.8465,0,6.7194,1
7.2673,99.8209,93.7384,5.2012,0,3.3375,0
10.5181,46.0439,79.0211,4.595,2,9.8352,0
2.5822,65.8801,51.4616,4.0884,0,7.6131,0
0.7651,61.4757,79.563,9.449,3,9.2783,0
1.387,80.6415,96.0724,9.1749,1,6.1855,0
5.8065,98.3261,63.7996,8.5879,2,3.2524,0
5.2503,55.2351,41.6742,7.328,3,6.8815,0
6.3394,91.1308,77.5317,4.7159,2,8.0264,0
6.7197,76.8988,64.7136,9.5913,3,8.7252,0
1.5844,69.7499,67.5949,8.1305,2,7.6199,0
2.5655,70.1276,86.0633,4.0323,3,4.0594,0
1.3895,80.0053,92.1481,9.2327,3,6.8214,0
2.3246,91.2456,43.1665,6.1252,2,3.2742,0
10.343,41.1104,98.0566,5.4655,0,2.9035,0
2.3423,55.9912,40.1522,6.1955,3,6.5975,0
7.5693,82.7396,70.4191,5.7272,3,8.3522,0
11.3805,88.324,74.4176,4.4002,3,7.7502,0
0.72,77.5414,55.7453,4.3744,0,2.2277,0
10.2751,68.656,66.653,6.6703,0,8.9993,0
5.5722,58.8008,66.6656,4.3175,3,7.1089,0
3.1777,60.6751,75.7021,9.7331,3,9.7145,0
4.9394,67.6958,61.0976,9.5158,1,2.4051,0
11.6323,71.2669,75.3798,5.5134,0,3.9182,0
2.5702,59.5268,81.7519,8.1848,1,6.0163,0
4.0287,92.0532,50.0231,9.7499,3,9.7574,0
11.3029,76.0452,80.5311,6.0668,1,8.6663,0
7.8329,67.2452,58.0665,4.0432,3,3.6635,1
9.2908,77.6738,43.7653,4.645,3,7.0867,0
10.435,81.3382,92.6852,9.1943,0,6.095,1
7.5978,65.4487,48.248,6.369,1,9.9397,0
7.6036,42.2089,46.0564,8.2252,3,5.472,0
0.7189,57.2657,97.9463,9.6979,3,9.9302,0
10.1501,99.9422,91.3648,4.6014,2,1.9093,0
8.8388,74.8726,57.1727,9.9315,3,1.3575,0
7.3951,57.2315,91.7569,7.2121,0,4.7703,0
6.3446,63.2337,89.0181,9.3052,3,1.6945,0
0.7805,79.1244,71.8114,8.6963,2,8.1206,0
8.7757,90.6027,63.3896,9.449,0,8.7186,0
4.8235,94.2149,92.8451,5.0085,2,3.924,1
11.4939,79.7862,83.5266,5.9478,0,1.8599,0
10.5052,71.7031,92.9648,8.9245,2,1.4823,0
2.7645,51.4633,61.9853,4.6863,1,1.3146,0
2.6788,71.9681,65.6108,5.3772,2,5.9623,0
4.5532,91.36,71.1358,5.6629,0,4.343,0
7.2847,76.131,66.2041,5.5469,2,9.453,0
9.554,78.3923,80.842,5.1205,1,5.3137,1
0.9122,56.4423,92.457,4.9003,0,1.7468,0
6.4994,71.0478,65.6438,6.3947,2,2.2244,0
11.0261,65.4056,68.6838,9.2567,3,4.3326,0
10.5031,71.9973,63.208,4.7183,2,6.7908,1
9.478,82.8169,96.7588,9.9764,2,1.6654,0
3.7077,62.1855,47.6092,5.1553,3,8.41,0
5.4155,85.2149,87.9439,5.5014,2,4.1592,1
6.9399,81.1847,50.2635,4.7068,0,2.4733,0
11.6934,61.1588,67.9907,8.3444,2,7.1538,0
6.5199,78.903,55.218,8.7646,3,7.7391,0
9.6947,99.1005,88.9568,8.9378,3,9.4266,0
7.7787,87.984,44.2696,7.3898,3,3.6353,0
5.0762,63.7784,74.207,7.9979,0,5.3617,0
4.5124,83.3064,47.498,5.4487,0,7.5954,0
5.9089,77.6923,88.0349,7.1308,0,8.8651,0
7.6552,45.8585,75.3277,6.8626,3,8.7005,0
10.0185,87.7426,69.6083,9.0347,1,5.8728,1
8.6846,73.2139,70.5834,5.4781,1,6.4262,0
10.2159,86.1026,49.8704,4.0263,3,5.7519,0
5.5216,67.4828,55.9225,6.5142,0,4.4962,0
11.688,60.2287,89.8084,7.7125,1,2.7385,0
1.8377,56.2689,60.4291,6.1389,2,9.0294,0
6.2934,87.6861,96.907,7.2923,3,7.9641,0
2.3181,73.5598,40.3835,8.9986,0,9.3502,0
4.7245,98.9348,45.467,8.3895,1,2.8522,0
11.9822,95.6984,96.8956,9.9443,1,4.9096,1
8.2066,86.0324,40.7019,7.4613,3,1.8929,0
2.3262,55.612,73.6101,4.7371,2,4.9834,0
4.8556,95.677,65.7874,8.2079,2,9.4519,0
9.1211,44.8289,87.3753,9.686,2,8.7906,0
7.0449,73.697,47.4334,6.6418,0,1.0984,0
9.7557,85.1833,70.0406,8.0104,0,2.5273,0
9.8958,95.5237,75.8322,9.4932,0,6.4683,1
2.9868,68.4574,46.6157,5.228,3,1.0575,0
10.589,76.5311,69.3867,4.6124,2,5.8723,0
4.2857,55.9663,80.8688,9.9941,2,9.2859,0
1.2734,97.3644,87.7832,8.1036,0,9.2368,0
5.5975,43.8414,40.4099,8.7075,0,9.8382,0
7.5481,79.2215,79.9728,8.8614,2,7.2251,0
5.1379,60.0655,63.9047,6.0302,3,6.935,0
10.6737,80.6896,61.4479,8.389,3,8.0103,0
7.7741,90.2992,99.3274,5.2389,1,9.1484,0
7.3473,97.3423,94.8331,6.0563,1,7.9319,0
0.4662,42.9284,85.3236,8.6698,0,8.413,0
9.4936,55.1465,71.0806,4.5975,0,8.0041,0
4.6293,74.5843,63.3539,8.472,3,3.6693,0
2.1203,63.3223,72.4313,5.0361,2,6.2457,0
6.4347,88.7923,73.0043,4.8454,0,4.7994,0
2.7663,80.8006,94.7937,5.1738,3,5.2124,0
8.4529,84.4274,52.9469,9.2517,1,5.3406,0
6.3943,83.1232,61.8924,6.912,2,2.9888,0
11.4846,97.0777,93.7764,4.746,3,1.5302,0
10.8724,85.3862,53.7982,9.5346,0,1.136,0
7.523,65.5942,53.781,6.6221,3,2.1522,0
0.0259,40.8157,78.8957,6.8957,1,3.9143,0
9.4453,44.2381,51.487,5.9076,0,2.709,0
3.5501,59.7769,93.4541,9.4653,0,4.9811,0
1.3685,58.0999,96.2989,4.9239,2,4.66,0
7.8167,89.4188,47.7284,7.1551,3,9.7982,0
7.466,81.2199,90.7023,4.9721,2,8.0877,0
2.3805,93.7363,58.6951,5.3125,0,8.6555,0
5.2906,53.4122,58.3542,8.5332,2,8.747,0
6.5242,91.728,41.8462,9.7139,0,7.9136,0
6.1125,81.3021,97.9752,7.8931,0,4.8877,1
3.015,68.7128,67.977,8.1939,3,8.892,0
9.3618,40.3908,97.9413,8.171,2,6.1147,1
7.4908,79.8971,82.9379,7.8008,1,4.1652,0
3.0877,97.8014,99.4113,6.9285,0,9.7039,0
9.0948,62.9549,53.1394,7.0754,1,2.8155,0
3.349,54.5446,59.7621,9.7995,3,4.6181,0
11.7676,66.9702,76.2751,7.1745,1,7.387,0
0.5281,66.3192,86.9636,8.0947,2,8.2394,0
4.6023,54.5711,42.6877,8.8443,0,6.5347,0
2.4849,92.5989,82.3844,6.6676,0,8.8246,0
1.3838,98.6008,78.0693,4.2669,2,8.3917,0
7.0069,85.8408,83.7984,9.7688,3,2.5267,1
3.7636,67.4201,84.258,8.3748,3,7.7716,0
6.8059,51.7074,67.3522,7.689,0,1.6591,0
2.8925,67.515,93.2408,5.9397,3,1.3231,0
9.316,75.0341,78.3928,7.1702,1,4.2195,0
4.9027,83.9682,85.8757,5.0993,3,6.7588,0
1.7495,63.365,76.5196,7.8814,0,7.4549,0
4.6791,87.5569,84.9968,9.2288,2,3.116,0
10.3742,57.776,46.6285,9.083,1,7.4193,0
7.713,62.4912,61.6776,5.4443,2,2.6558,0
6.206,53.3396,93.526,7.2676,2,9.2556,0
4.0492,60.4353,73.3493,9.2796,0,4.655,0
8.1298,57.9337,83.6603,6.9061,3,9.81,0
7.4295,75.5515,52.3807,9.8175,2,1.8497,0
3.437,80.0878,92.4222,6.0415,1,3.7834,0
1.7329,75.6192,97.0632,8.7058,1,3.0967,0
10.539,92.7879,87.566,5.5414,1,4.0892,1
5.4115,89.3602,63.991,8.9003,2,6.4295,0
5.2846,47.2654,62.5594,5.9073,0,3.7126,0
4.2178,55.6151,87.2682,4.5998,0,2.7229,0
0.2859,49.8719,84.9984,5.7816,1,5.5355,0
4.7321,44.4279,61.4012,9.8024,3,7.2343,0
5.7282,73.0923,42.1526,5.0842,0,3.255,0
2.34,50.2167,75.6493,4.2427,2,1.7779,0
6.0377,77.7,68.2938,6.6983,3,7.0647,0
0.9906,47.9112,70.6744,5.2427,3,6.1169,0
9.4736,75.4505,43.3685,9.3502,0,1.8369,0
0.2617,73.4458,64.1551,5.2712,3,6.3107,0
10.381,90.3967,52.413,6.9128,1,8.6091,0
2.7218,80.8364,94.9094,6.6853,3,9.1667,0
0.3654,92.2319,99.02,6.7403,2,8.2224,0
4.0835,70.9464,85.8313,7.6384,0,3.6948,0
2.5128,71.3143,49.7223,7.0464,0,7.0706,0
0.2388,84.0225,90.2443,5.96,1,6.7779,0
7.7413,52.3457,73.6567,4.9722,3,2.4791,0
8.8774,72.0199,79.5976,8.7125,3,8.9601,0
1.2012,99.6206,47.8824,5.6017,2,4.6305,0
0.2863,94.995,99.6805,7.1223,0,7.0771,0
4.623,45.6305,88.6987,7.4822,3,8.8747,0
6.5599,66.6076,88.7077,4.3758,1,3.9861,0
0.1994,82.2685,40.9398,9.5088,2,9.6028,0
2.3655,68.853,45.1561,6.5252,3,2.2949,0
10.8651,78.0344,83.2177,4.6324,3,4.1564,1
8.851,61.7027,63.7326,5.8286,0,9.8418,0
5.4383,66.7416,66.3274,4.6084,1,7.4851,0
6.1703,47.9558,46.9493,7.9865,0,7.0003,0
10.0869,90.3665,53.0493,8.1698,3,3.1474,0
6.6842,71.7881,76.0904,7.3928,0,1.6544,0
9.0868,97.571,68.3711,7.174,0,8.4142,0
6.6627,84.1945,44.1847,6.5854,0,1.3073,0
10.4533,53.7869,71.4011,6.9362,2,8.8693,0
11.5603,96.4233,80.1247,8.8392,2,5.8937,1
7.5162,93.8105,72.409,9.1528,1,1.2119,0
4.0059,79.2554,71.878,7.705,1,4.3671,0
3.6942,43.3109,68.6372,6.0767,3,8.6073,0
1.1016,96.6134,90.4858,7.627,1,2.9835,0
3.6875,66.2628,55.8541,9.2751,2,7.4225,1
6.3398,48.0384,48.3404,6.0186,2,5.5259,0
10.0643,60.0096,52.7649,4.575,1,9.0818,0
11.2418,57.1319,93.3387,7.7095,0,3.1012,0
2.6876,88.714,64.2815,4.9881,0,2.332,0
7.1651,93.3175,40.321,5.6653,2,8.2994,0
5.8781,95.9827,41.135,7.1206,0,4.9388,0
8.5169,79.226,74.7844,4.8964,3,6.9024,0
9.6246,64.7031,72.6267,5.5121,1,1.1623,0
5.6084,42.1483,43.8561,5.0947,2,1.7318,1
8.5604,58.0006,84.6861,7.4208,2,7.1415,0
7.9682,88.0709,53.7407,4.1413,2,6.6101,0
10.3558,58.6032,97.0468,9.3169,3,3.2598,0
8.1727,50.9377,96.298,9.3748,3,3.0611,0
10.5469,93.392,64.903,8.8244,2,2.2657,0
0.5098,94.5565,79.3448,7.4772,0,2.6325,0
4.9543,69.3958,93.634,8.5356,2,7.3479,0
0.0718,84.2204,75.9432,7.8814,3,6.0786,0
0.1897,72.83,43.6871,9.1025,0,5.0355,0
0.5201,61.1579,98.587,9.7206,0,2.2783,0
6.123,50.416,98.2258,7.0578,0,9.8738,0
11.6334,57.9929,45.1811,7.7959,1,8.1135,0
11.6001,84.1662,68.4939,6.9019,3,3.1565,0
11.2821,57.4966,48.7821,8.1906,1,8.3998,0
5.051,69.3296,53.1674,5.9517,3,7.054,0
8.2767,80.1608,95.6299,6.9983,2,6.3117,1
1.3679,48.3893,99.9194,8.1079,0,5.0798,0
8.4033,64.7167,78.9323,8.451,3,6.4207,1
8.0933,90.1656,59.1658,6.0109,0,3.4722,0
8.4186,72.4552,90.901,7.8687,0,5.3666,1
8.2023,76.9319,62.6243,9.7489,0,7.9558,0
6.4079,97.641,64.464,6.2781,1,8.4865,0
6.4642,57.3878,41.0404,4.0806,1,4.0155,0
10.0975,80.5667,62.0546,7.0138,2,4.4042,0
8.1379,57.0124,52.7951,9.2473,0,5.3217,0
9.7231,67.1321,70.2276,8.9047,2,2.4409,0
8.4559,60.4901,63.6431,8.7675,3,4.2998,0
1.2816,95.41,44.922,7.6975,3,6.1234,0
4.406,72.8026,72.1353,4.1881,0,2.6526,0
11.125,65.6904,88.7545,9.5067,1,4.7376,1
4.8396,94.4327,94.2446,6.5142,1,2.1049,0
7.064,88.9593,55.2515,8.9117,1,7.7652,0
3.8547,80.1973,98.7903,7.984,2,8.3738,0
10.3283,70.2232,73.0029,6.8125,3,6.5969,0
4.1522,50.1185,42.9727,6.8132,3,1.8823,0
2.0606,62.3209,76.3636,6.9972,3,9.4249,0
11.7415,89.6668,46.2502,4.0189,0,4.8161,0
4.5471,94.5053,77.769,8.6755,3,2.5706,0
6.7734,67.034,63.2689,4.187,3,9.7586,0
5.4127,89.3798,68.7171,5.7657,1,7.1384,0
5.4064,73.1931,89.4786,5.1381,0,6.7049,0
0.3963,52.4057,42.8515,7.5838,0,7.3706,0
4.36,55.2788,42.4667,4.3487,2,9.8786,0
6.4174,98.6583,93.6087,4.0419,2,8.9646,0
3.3035,64.1127,99.9906,9.996,3,6.7753,0
2.1959,42.5626,51.1408,5.6717,2,9.6652,0
6.5566,76.8366,76.6851,8.814,2,8.4069,0
10.4651,94.5929,61.4877,5.4408,3,4.8418,0
0.0558,89.3731,90.5869,7.5525,3,4.2345,0
4.6609,46.9133,49.9619,6.4992,1,1.1611,0
1.6877,44.623,88.7217,8.288,2,1.9925,0
10.4036,77.9007,42.8073,4.6258,0,6.9988,0
5.6534,56.5885,83.8906,6.2947,0,3.8171,0
4.0991,76.942,75.9243,5.9106,2,5.3985,0
11.0773,58.9548,69.1589,4.4874,1,1.3741,0
1.4848,56.0873,43.9527,8.2944,3,8.5461,0
5.6472,41.3914,97.9354,4.719,2,4.8705,0
4.5593,48.9825,74.2364,8.4693,2,1.9995,0
4.0282,50.4377,73.5063,7.6539,0,5.8633,1
2.693,55.211,86.5868,8.2358,1,7.435,0
4.5637,73.1607,62.79,7.1857,2,3.1668,0
9.0902,69.4681,94.8925,5.4137,0,2.1982,0
4.6371,73.58,84.4472,7.7755,3,7.7702,0
5.0687,67.3714,80.4503,7.6818,2,2.395,0
2.2462,97.145,55.7338,5.0276,1,2.5625,0
10.7972,96.5239,45.7996,7.3723,3,8.5983,0
7.7935,83.2109,62.8795,7.3912,3,5.0556,0
10.9867,83.5601,43.4263,7.5562,0,8.5473,0
5.7958,92.8864,92.328,4.0444,1,7.4355,0
1.4996,58.1632,44.489,9.0135,2,7.9831,0
4.9989,87.4283,89.6175,5.5148,1,5.1687,0
1.9673,87.3507,94.2027,9.3824,3,1.8848,0
0.4512,96.7956,74.882,5.705,0,7.809,0
6.6232,76.6764,91.3033,4.5967,2,1.9349,0
4.0249,87.1772,54.0464,4.8236,2,4.3261,0
1.7896,53.3153,93.7342,9.1842,3,8.1877,0
7.97,82.0962,41.3757,8.0378,3,3.4417,0
2.1302,69.8076,55.2658,7.4273,1,4.1181,0
1.0416,57.3831,68.5959,5.2382,3,3.5617,0
10.3543,44.5918,92.8899,6.2703,0,3.7959,0
10.4079,73.4827,70.3802,5.3557,2,7.4897,0
1.3214,65.8319,53.7147,7.4988,1,8.1999,0
1.3095,60.3366,66.2665,8.2536,3,1.5884,0
1.1577,72.7711,75.5452,6.9479,1,9.6327,0
1.2924,40.4516,46.6671,4.017,3,6.1512,0
9.844,68.7071,61.3906,5.4125,1,1.7603,0
6.9809,55.7423,48.9617,6.0762,0,1.5181,0
9.1061,64.5117,81.6959,5.7312,3,1.7581,0
0.8923,95.8406,53.2143,7.7234,2,2.249,0
0.9034,44.8053,73.6303,6.9602,2,1.6631,0
11.0666,82.2712,41.8197,7.5445,3,2.0705,0
4.7851,60.9101,91.285,4.7922,1,7.3773,0
3.7908,96.4165,68.2986,6.6848,3,2.8598,0
11.0722,51.1868,98.2113,5.1325,3,1.0227,1
8.4067,68.1298,60.0253,5.1761,3,9.9212,0
11.7397,73.9969,46.6346,4.3901,3,1.2827,0
1.5539,62.9108,82.8458,6.0689,2,7.6419,0
11.3421,94.7266,95.4518,4.1002,0,6.3042,1
0.3684,66.7976,61.8847,7.7151,2,3.8873,0
1.7953,47.9191,90.6317,8.396,2,6.3431,0
1.5554,84.5442,90.4505,4.9016,1,5.8719,0
11.1361,60.8786,79.6971,6.7797,3,8.1373,0
1.3098,53.9372,63.4908,6.1794,3,9.7505,0
3.999,93.6858,76.3031,6.4717,1,1.3764,0
9.1002,45.9495,52.5483,6.5355,2,1.6453,0
8.1095,62.9404,52.6496,8.2241,1,3.7329,0
7.9252,87.0157,49.7153,4.7542,0,7.5321,0
2.6132,62.6627,82.4548,6.3595,2,8.1465,0
4.0599,91.14,51.562,9.9507,0,9.8711,0
0.3086,75.6233,92.6675,9.3115,0,3.8864,0
10.9374,96.7174,95.7053,4.4262,3,9.3997,0
1.6894,79.9054,53.3116,7.5971,1,5.2901,0
7.4911,49.9016,81.5903,8.3774,0,9.6976,0
1.8413,74.648,72.6785,8.9191,2,2.1341,0
9.4068,52.076,47.8481,5.4858,3,4.1342,0
10.7824,70.3167,92.9502,4.7525,1,9.745,0
8.989,48.9746,73.3279,6.481,0,3.4596,0
10.0981,73.0508,45.5088,8.3409,1,8.0763,0
0.0338,67.9874,84.9972,8.1133,1,9.5404,1
6.4249,58.6923,94.8855,7.3684,2,7.757,0
6.9764,54.5359,54.2491,5.3548,2,4.4567,0
9.5894,48.5573,46.9815,4.2034,1,5.299,0
10.1904,62.3468,49.4262,5.7179,0,9.6083,0
4.0411,81.2752,65.3377,5.4162,0,1.0179,0
8.4953,83.3342,95.4323,9.6315,1,5.9299,1
8.5692,58.7509,73.6994,7.3364,2,5.1673,0
5.1521,65.9682,96.0933,7.3418,2,8.8155,0
1.4171,72.3186,95.3299,8.0393,2,6.3213,0
7.5469,96.3071,42.0873,5.4324,0,2.9838,0
10.1705,59.872,97.8414,5.0513,0,7.8942,0
11.3014,93.9299,94.419,8.8448,3,1.2086,1
11.5854,57.3802,49.2667,5.1562,1,4.5351,0
1.8431,54.6266,74.8054,9.1052,0,2.6578,0
11.6181,82.3787,67.4138,7.1106,3,4.7438,1
0.8685,44.1073,89.7352,5.6135,1,2.9697,0
5.6977,92.3523,70.7427,4.0345,0,7.1162,0
6.7386,77.2951,81.9239,8.7288,3,3.0813,0
7.66,82.106,92.8113,4.7289,3,9.9926,0
9.9114,63.4495,93.7491,8.5638,3,1.5709,0
1.0708,62.3908,48.8577,6.9466,2,8.6055,0
9.9076,53.3432,41.3806,7.1333,2,6.1844,0
1.3639,88.7566,67.529,4.5543,0,2.208,0
8.3287,47.9744,42.7252,8.0983,1,9.7454,0
6.3717,44.9735,46.5946,9.5948,3,6.3585,0
5.9154,99.3957,77.134,4.0018,1,5.4782,0
2.394,71.5334,62.7402,5.9076,3,9.4195,0
5.4136,41.1881,48.7636,8.1387,2,4.1128,0
6.3902,95.4833,77.5268,5.3386,1,6.3638,0
4.1829,64.4979,94.8828,4.4674,1,3.3886,0
8.1048,87.0899,93.8421,5.1141,3,2.4509,0
8.0649,41.5336,83.9853,4.6458,1,2.1248,0
9.7061,64.2561,88.9459,7.5016,3,5.6532,1
9.0423,68.7551,73.0111,9.9371,1,2.9393,0
8.7387,99.2278,56.7067,6.6031,3,8.9886,0
0.4035,49.8574,81.6333,6.7063,0,5.3912,0
2.1146,72.3469,85.4882,8.0304,3,5.3496,0
4.769,88.1579,45.8154,9.4753,0,4.9545,0
11.4025,58.3909,86.7121,4.8903,1,9.2495,0
0.3841,90.9674,54.1948,4.7508,3,3.7225,0
3.9173,41.3048,83.1373,4.5818,2,9.5794,0
3.0341,78.098,76.1403,5.1841,0,2.5632,0
8.9073,90.3723,67.8275,4.2567,3,9.8205,0
1.3158,76.5957,98.2772,8.7434,3,9.6806,0
2.5393,51.2518,93.3361,6.1972,3,5.867,0
4.5257,53.5016,60.1403,7.2631,3,6.4013,0
0.153,84.9437,55.2243,5.2819,3,7.6387,0
7.4637,71.2264,92.8719,6.3532,2,1.1496,0
1.5782,49.8587,89.2283,4.8535,0,5.1311,0
10.1871,68.3676,44.8183,6.2955,2,5.0422,0
2.7702,51.6838,62.2197,4.9429,0,7.326,0
10.1297,44.8981,88.9537,9.5131,0,5.2457,0
10.8845,51.717,94.5369,9.0517,3,3.2698,0
3.0642,72.4375,55.3344,5.8939,2,8.0985,0
1.1589,90.8447,65.0238,7.8998,1,6.3819,0
8.1979,43.2687,55.5099,5.4327,1,8.1861,0
10.065,49.7038,44.1147,9.9835,1,2.3527,0
9.6596,95.5533,45.6131,4.0494,1,6.225,0
2.8983,94.3769,40.7752,5.731,0,3.4054,0
1.1714,92.2714,80.9225,6.051,2,5.9141,0
10.0981,83.4439,55.8148,7.6644,3,3.8173,0
9.503,65.8818,40.5205,7.6936,3,3.2735,0
11.7438,51.6786,82.062,5.2693,1,9.5818,0
10.1894,90.0694,50.5483,6.4154,2,6.4069,0
2.5831,62.8375,93.6167,8.1928,3,8.9218,0
10.5515,78.2422,72.4477,7.5825,3,4.5332,1
9.9646,94.8764,84.7405,5.9221,1,6.0945,1
1.516,70.7081,76.359,8.8563,2,8.1179,0
0.6579,75.2607,97.0005,8.6894,0,9.7052,0
8.3357,84.2186,82.8142,7.7969,3,4.948,1
11.3403,69.8087,50.9686,7.2118,0,5.0782,0
6.375,92.1821,80.2318,8.7375,1,2.2005,1
0.6977,64.921,78.2818,8.3057,0,5.1586,0
8.0851,61.5332,73.5293,8.8583,0,4.9945,0
9.0245,46.465,49.7507,5.367,2,7.2611,0
5.2085,75.1064,77.4268,6.1568,1,3.7864,0
6.8066,70.0592,47.2508,4.7751,0,2.5791,0
9.9573,43.2528,95.0495,6.4205,2,5.9736,1
6.3511,42.4208,56.342,4.7993,1,1.623,0
5.6195,95.8396,91.0929,7.2963,2,1.3736,0
11.9771,45.3381,67.875,7.5084,1,2.5724,0
11.3895,62.5139,61.7753,4.3978,3,7.7503,0
1.3377,94.2954,41.2247,7.409,2,8.115,0
3.2011,73.9691,64.894,6.0061,3,7.958,0
11.8371,74.1521,62.3467,8.6092,1,5.0408,1
0.6618,93.1241,48.8967,5.1086,1,7.0608,0
9.9143,52.8135,48.4036,8.1333,0,3.3443,0
3.9584,48.5003,62.157,5.6179,1,6.1718,0
10.1573,44.7769,99.3896,8.8457,3,5.431,1
6.3313,45.2913,64.3788,7.7423,0,7.8014,0
2.0004,78.0864,91.7246,6.5866,3,9.9619,0
11.4083,83.5962,42.3841,4.6503,1,1.1386,0
2.1583,92.5209,99.8168,7.6362,0,2.2971,0
2.0872,79.287,49.7923,4.6646,0,2.5454,0
0.5109,73.6711,87.5456,8.1773,1,4.2765,0
1.979,95.167,79.0162,6.9185,2,6.9932,0
8.1597,50.8213,50.2693,5.542,2,6.5658,0
7.5059,96.2391,60.966,8.7128,0,7.0205,0
6.6317,63.5742,90.7449,9.2965,2,5.5089,1
7.42,94.2004,56.1332,8.1487,1,4.3765,0
5.4866,74.9392,51.7621,7.4335,2,3.8277,0
11.078,72.1329,75.2479,9.7269,2,1.7439,0
2.6689,83.6352,60.9216,7.5309,2,4.6338,0
2.6735,46.2722,67.136,5.9682,1,3.93,0
11.862,55.5199,64.2907,8.095,1,5.2286,0
10.2474,72.7864,48.9961,8.4725,2,1.4778,0
3.2277,63.7742,58.1958,5.1862,2,7.678,0
10.136,41.0221,68.7504,8.9841,2,3.8312,0
11.0379,52.284,68.2954,4.2402,3,5.8649,0
9.5394,88.7978,85.6909,6.2996,3,3.0773,1
3.1408,46.4373,63.4409,9.891,3,5.0659,0
1.8912,70.7293,84.9981,9.742,2,7.5613,0
1.3295,45.7465,66.62,6.1292,1,9.6985,0
11.4083,41.0931,70.9836,6.0914,2,8.8968,0
8.1306,59.9233,60.1241,8.2498,1,2.6781,0
5.0414,41.9484,90.6183,9.5325,1,4.5018,0
6.8758,61.4232,40.116,6.831,2,9.3993,0
2.4318,80.6431,90.4894,7.3542,2,4.7956,0
3.7986,86.6964,76.0453,6.4986,1,1.505,0
5.106,40.4875,53.5031,7.4594,3,4.7917,0
10.8606,53.9469,88.3201,8.704,1,1.5052,0
5.4996,40.6292,79.7288,6.141,2,9.873,0
7.5236,46.8007,89.62,4.1546,2,4.3751,0
9.4924,82.3043,85.2476,9.9081,1,5.7116,1
3.9198,71.0197,52.7257,5.87,1,9.2138,0
7.7154,75.926,60.7479,7.402,1,6.5644,0
0.0916,69.7584,80.1814,8.8434,1,9.5811,0
2.7431,70.0244,91.8261,6.9219,2,9.5074,0
5.2647,86.5912,81.2752,7.4389,1,5.7849,0
8.9109,48.048,82.5314,9.1716,3,1.8544,0
5.7373,94.5168,58.8864,6.4829,2,1.341,0
0.603,70.8346,77.7677,6.5158,0,3.377,0
3.5518,40.2123,71.2404,6.0637,2,8.3018,0
0.2902,46.2995,77.5429,9.3444,0,7.1555,0
10.4384,50.7821,49.2258,6.1271,0,2.4132,0
4.7851,98.9693,69.3852,4.5611,2,7.9136,0
0.0943,64.9252,47.1958,8.097,3,9.9058,0
11.5754,65.0721,87.8628,7.2902,2,7.2681,1
6.1741,62.0966,76.0233,6.2421,1,1.4766,0
0.284,55.481,51.8151,6.7462,3,4.1215,1
5.4893,66.284,99.7013,9.5509,1,2.8318,0
7.0232,92.0356,77.5479,7.2049,1,4.9472,0
8.2369,82.0616,78.7557,6.7163,2,7.6869,0
11.4533,99.0533,86.7169,6.5836,0,9.6437,0
10.4647,64.1119,61.8038,9.0176,1,9.4542,0
11.4261,44.6073,58.1359,4.1742,1,2.4635,0
9.3435,49.5826,96.519,4.7255,0,3.2143,0
8.1631,68.9893,60.1139,4.0503,1,2.486,0
1.7784,81.2911,79.464,9.5768,2,3.0153,0
11.5481,89.7334,40.811,5.0238,3,6.3682,0
6.0673,88.0281,59.7778,8.8679,3,1.7349,0
7.8982,78.6379,54.5883,7.1973,2,8.7126,0
11.9128,77.0405,86.8668,7.9024,2,9.734,0
0.129,93.9271,99.9006,6.7417,2,4.7578,0
11.467,50.2151,41.2724,6.4436,1,6.1565,0
2.7176,49.781,95.4927,8.1746,2,8.4241,0
11.0391,65.6463,86.0239,8.2139,0,2.6609,0
9.6875,68.3547,73.2902,5.9059,1,7.4503,0
10.6018,49.9677,77.3898,8.8096,0,4.8577,0
5.7976,94.8973,96.467,7.279,0,1.2675,0
9.3589,67.7645,66.3965,6.0115,0,1.9386,0
11.7652,55.7786,60.6241,9.6433,3,8.2162,0
9.7503,74.1303,71.1721,5.806,3,7.8006,0
7.007,52.089,72.8542,9.802,0,6.4182,0
11.7296,50.7788,68.0187,5.7942,2,5.5142,0
2.6409,79.3046,44.3117,9.5329,0,5.1192,0
10.9657,65.3529,47.5611,9.8211,2,6.7243,0
10.0151,50.7754,70.0865,9.6497,1,5.7539,1
5.8401,48.461,47.6832,5.4318,3,1.6914,0
6.7026,75.0747,83.8404,4.5126,1,4.8136,0
10.8244,83.8643,43.3087,5.6344,0,5.7503,0
11.2523,49.0446,67.815,8.6907,0,5.4033,0
6.926,98.7642,67.3923,6.2184,2,7.0336,0
0.1461,58.6935,75.4989,5.2716,2,3.2669,0
2.2455,54.2075,71.3618,6.4083,2,3.3959,0
11.8034,75.8542,42.4797,5.2594,0,2.8628,0
9.5157,71.9457,63.3285,9.304,3,8.5191,0
11.3382,54.174,77.9267,5.0294,1,9.2323,0
4.1701,50.654,47.6163,8.1378,2,6.3187,0
5.6571,46.3982,91.0565,4.744,2,2.8434,0
6.4649,78.2968,95.3048,7.5774,1,3.4,0
10.4519,76.2264,53.89,4.865,3,9.0862,0
5.892,90.3075,55.6423,5.3459,2,4.1791,1
7.7724,84.6054,93.5177,9.7666,0,8.3331,0
6.5921,59.2064,86.8223,8.7614,3,1.8455,0
11.6481,73.2651,98.7133,4.9704,2,3.2078,0
4.408,66.4496,73.0671,6.3155,1,6.4649,0
1.7339,91.7056,69.1705,9.8843,3,5.4106,0
7.7174,60.1638,50.9272,8.7264,3,8.953,0
11.015,66.9715,88.0515,7.1332,0,5.9532,1
3.8075,98.1266,93.7973,8.5378,0,4.7159,0
1.8845,50.9918,86.9629,9.7687,2,9.4286,0
7.5718,42.4295,44.385,5.5896,2,6.1308,0
5.6908,44.736,75.1692,4.609,2,1.5092,0
0.1418,85.3022,54.7097,7.3437,3,3.2437,0
7.4872,86.447,76.8295,5.9043,0,3.4875,0
3.9776,85.6867,87.1605,5.0616,0,3.2723,0
1.0524,91.6346,73.7267,8.9386,1,8.7693,0
4.6943,96.3683,40.5095,6.8131,2,9.8941,0
6.664,52.564,60.3185,9.6718,0,1.6646,0
4.139,50.2765,63.1694,8.3022,0,2.6164,0
9.7711,58.1517,46.6506,6.1482,0,1.0332,0
11.2226,77.7813,73.3777,9.8809,2,3.1387,0
7.9149,65.8364,83.8723,6.9211,1,2.6891,0
8.3334,84.3565,66.7706,6.9611,1,9.4279,0
3.6307,62.3554,52.7634,7.4796,1,2.1081,0
10.3887,62.3362,80.864,7.4858,1,6.5501,0
11.5743,42.9828,93.1178,5.8151,0,8.5426,0
3.7662,94.7261,48.4749,7.9225,0,7.0608,0
7.034,50.2178,91.472,8.7808,0,5.275,0
11.4774,67.6676,52.8016,6.6878,2,2.3068,0
0.0143,60.7192,88.6615,5.7909,0,9.0781,0
4.0562,56.7232,85.2731,5.1776,0,3.634,0
6.1858,91.3249,85.2922,9.3981,3,9.6528,0
9.672,70.5997,43.432,7.0217,2,4.1979,0
7.376,69.4999,85.9577,9.3408,0,8.3646,0
